,h,peak_num,t,tide_cyc
0,1.22482859,1,1920-01-06 13:00:00,1
1,1.13338859,1,1920-01-07 14:00:00,1
2,1.13338859,1,1920-01-17 10:00:00,1
3,1.13338859,1,1920-02-02 11:00:00,1
4,1.98682859,3,1920-02-05 14:00:00,6
5,1.13338859,1,1920-02-24 04:00:00,1
6,1.31626859,2,1920-03-06 01:00:00,2
7,1.1638685899999999,1,1920-03-20 00:00:00,2
8,1.22482859,1,1920-04-03 00:00:00,1
9,1.25530859,1,1920-04-05 01:00:00,2
10,1.22482859,1,1920-04-18 00:00:00,1
11,1.22482859,1,1920-04-19 00:00:00,1
12,1.34674859,1,1920-04-20 01:00:00,5
13,1.28578859,1,1920-04-23 04:00:00,1
14,1.19434859,1,1920-04-24 04:00:00,1
15,1.19434859,1,1920-05-19 01:00:00,1
16,1.22482859,1,1920-05-20 02:00:00,1
17,1.13338859,1,1920-05-21 03:00:00,1
18,1.1638685899999999,1,1920-06-14 22:00:00,1
19,1.68202859,2,1920-06-18 02:00:00,5
20,1.1348535899999999,1,1920-07-14 23:00:00,1
21,1.19581459,1,1920-07-16 00:00:00,1
22,1.1348535899999999,1,1920-07-17 01:00:00,1
23,1.19581459,2,1920-09-13 00:00:00,2
24,1.37869359,2,1920-10-01 03:00:00,2
25,1.1348535899999999,1,1920-10-27 12:00:00,1
26,1.34821459,1,1920-11-17 05:00:00,1
27,1.37869359,1,1920-11-23 10:00:00,1
28,1.28725359,1,1920-11-25 11:00:00,1
29,1.25677459,1,1920-11-26 12:00:00,1
30,1.25677459,1,1920-11-27 13:00:00,1
31,1.28725359,1,1920-11-28 14:00:00,1
32,1.34821459,1,1920-11-29 15:00:00,1
33,1.1348535899999999,1,1920-12-05 08:00:00,1
34,1.19581459,1,1920-12-09 12:00:00,1
35,1.16533359,1,1920-12-10 12:00:00,1
36,1.28725359,1,1920-12-14 15:00:00,1
37,1.31773359,1,1920-12-27 13:00:00,1
38,1.174799542,1,1921-01-23 11:00:00,1
39,1.174799542,1,1921-02-11 15:00:00,1
40,1.235759542,4,1921-02-22 12:00:00,6
41,1.144319542,1,1921-03-25 01:00:00,1
42,1.205279542,1,1921-04-24 01:00:00,1
43,1.357679542,1,1921-05-04 22:00:00,3
44,1.296719542,1,1921-05-07 00:00:00,1
45,1.205279542,1,1921-05-08 00:00:00,1
46,1.2662395419999999,1,1921-05-09 01:00:00,1
47,1.205279542,1,1921-05-11 02:00:00,1
48,1.144319542,1,1921-05-12 03:00:00,1
49,1.174799542,1,1921-05-24 02:00:00,1
50,1.144319542,1,1921-06-08 01:00:00,1
51,1.144319542,1,1921-06-09 02:00:00,1
52,1.2662395419999999,1,1921-07-06 00:00:00,1
53,1.174799542,1,1921-07-07 01:00:00,1
54,1.174799542,1,1921-08-04 00:00:00,1
55,1.205279542,1,1921-09-05 15:00:00,1
56,1.174799542,1,1921-10-03 14:00:00,1
57,1.144319542,1,1921-10-30 12:00:00,1
58,1.205279542,1,1921-10-31 12:00:00,1
59,1.327199542,1,1921-11-01 13:00:00,1
60,1.296719542,1,1921-11-02 14:00:00,1
61,1.144264542,1,1921-11-27 11:00:00,1
62,1.558792542,3,1921-11-29 13:00:00,5
63,1.178752287,1,1922-01-11 23:00:00,1
64,1.599376287,2,1922-01-29 14:00:00,2
65,1.178752287,1,1922-01-30 14:00:00,1
66,1.279336287,1,1922-02-11 12:00:00,1
67,1.184848287,2,1922-02-13 02:00:00,3
68,1.261048287,3,1922-03-12 11:00:00,4
69,1.157416287,1,1922-03-14 01:00:00,3
70,1.148272287,1,1922-03-16 02:00:00,1
71,1.215328287,1,1922-04-01 03:00:00,1
72,1.428688287,3,1922-04-12 01:00:00,5
73,1.169608287,1,1922-04-14 02:00:00,1
74,1.148272287,1,1922-05-11 00:00:00,1
75,1.178752287,1,1922-05-12 01:00:00,1
76,1.187896287,1,1922-05-13 02:00:00,1
77,1.200088287,1,1922-05-28 01:00:00,1
78,1.142176287,1,1922-06-09 00:00:00,1
79,1.133032287,1,1922-06-10 01:00:00,1
80,1.169608287,1,1922-06-11 02:00:00,1
81,1.145224287,1,1922-07-24 00:00:00,1
82,1.245808287,1,1922-07-25 01:00:00,1
83,1.279336287,1,1922-07-26 02:00:00,1
84,1.157416287,1,1922-08-21 23:00:00,1
85,1.1513202869999999,1,1922-08-23 00:00:00,1
86,1.145224287,1,1922-08-25 15:00:00,1
87,1.175704287,1,1922-09-19 23:00:00,1
88,1.4561202869999998,4,1922-09-22 14:00:00,6
89,1.267144287,1,1922-09-24 15:00:00,1
90,1.245808287,1,1922-10-21 13:00:00,1
91,1.187896287,1,1922-10-22 14:00:00,1
92,1.184848287,1,1922-10-23 15:00:00,1
93,1.215328287,1,1922-11-19 13:00:00,1
94,1.300672287,1,1922-11-20 13:00:00,1
95,1.160464287,1,1922-12-05 13:00:00,1
96,1.215328287,1,1922-12-17 12:00:00,1
97,1.377806369,1,1923-01-04 14:00:00,1
98,1.246741369,2,1923-01-08 05:00:00,3
99,1.289414369,1,1923-02-03 14:00:00,1
100,1.332086369,1,1923-03-03 13:00:00,1
101,1.219310369,2,1923-03-05 02:00:00,2
102,1.438765369,1,1923-03-07 05:00:00,1
103,1.152254369,1,1923-04-30 00:00:00,1
104,1.149205369,1,1923-05-02 01:00:00,1
105,1.1461583690000001,1,1923-05-28 23:00:00,1
106,1.283318369,1,1923-05-30 00:00:00,1
107,1.228454369,1,1923-05-31 01:00:00,1
108,1.1461583690000001,1,1923-06-01 02:00:00,1
109,1.155302369,1,1923-06-25 22:00:00,1
110,1.289414369,1,1923-06-26 23:00:00,1
111,1.225406369,1,1923-06-28 00:00:00,1
112,1.304653369,1,1923-06-29 01:00:00,1
113,1.140062369,1,1923-06-30 02:00:00,1
114,1.155302369,1,1923-10-11 14:00:00,1
115,1.1461583690000001,1,1923-10-12 14:00:00,1
116,1.161398369,1,1923-10-18 20:00:00,1
117,1.563734369,2,1923-10-24 00:00:00,3
118,1.130917369,1,1923-11-06 10:00:00,1
119,1.237598369,1,1923-11-07 11:00:00,1
120,1.197974369,1,1923-11-09 13:00:00,1
121,1.228454369,1,1923-11-10 14:00:00,1
122,1.228454369,1,1923-11-11 15:00:00,1
123,1.213213369,1,1923-11-12 16:00:00,1
124,1.1796863690000001,1,1923-11-14 18:00:00,1
125,1.582022369,3,1923-12-06 11:00:00,3
126,1.243694369,1,1923-12-08 13:00:00,1
127,1.216262369,1,1923-12-09 14:00:00,1
128,1.219310369,1,1923-12-10 14:00:00,1
129,1.1912083809999998,1,1924-01-05 12:00:00,1
130,1.172920381,1,1924-01-11 16:00:00,1
131,1.130248381,1,1924-01-25 15:00:00,1
132,1.1546323809999999,1,1924-02-03 11:00:00,1
133,1.3131283809999998,1,1924-02-04 12:00:00,1
134,1.4838163809999998,1,1924-02-05 14:00:00,3
135,1.599640381,1,1924-02-20 13:00:00,2
136,1.654504381,2,1924-03-11 18:00:00,3
137,1.5478243809999999,2,1924-03-22 01:00:00,4
138,1.151584381,1,1924-03-24 03:00:00,1
139,1.194256381,1,1924-03-27 06:00:00,1
140,1.1668243809999999,1,1924-03-28 07:00:00,1
141,1.264360381,1,1924-04-02 00:00:00,1
142,1.3131283809999998,1,1924-04-19 00:00:00,1
143,1.209496381,1,1924-05-18 00:00:00,1
144,1.2460723809999998,1,1924-05-19 00:00:00,1
145,1.1912083809999998,1,1924-05-20 01:00:00,1
146,1.239976381,1,1924-05-21 02:00:00,1
147,1.2460723809999998,1,1924-05-22 03:00:00,1
148,1.1668243809999999,1,1924-05-23 04:00:00,1
149,1.1881603809999999,1,1924-06-14 22:00:00,1
150,1.3009363809999999,1,1924-06-15 23:00:00,1
151,1.2887443809999999,1,1924-06-17 00:00:00,1
152,1.276552381,1,1924-06-18 01:00:00,1
153,1.261312381,1,1924-06-19 02:00:00,1
154,1.2338803809999999,1,1924-06-20 03:00:00,1
155,1.197304381,1,1924-07-14 23:00:00,1
156,1.249120381,1,1924-07-16 00:00:00,1
157,1.2917923809999998,1,1924-07-17 01:00:00,1
158,1.185112381,1,1924-07-18 01:00:00,1
159,1.194256381,1,1924-08-14 00:00:00,1
160,1.163776381,1,1924-08-15 00:00:00,1
161,1.1454883809999998,1,1924-09-05 17:00:00,1
162,1.3801843809999998,1,1924-09-30 14:00:00,1
163,1.185112381,1,1924-10-10 23:00:00,1
164,1.294840381,1,1924-10-28 12:00:00,1
165,1.4015203809999999,3,1924-10-30 14:00:00,3
166,1.209496381,1,1924-10-31 15:00:00,1
167,1.2034003809999998,1,1924-11-27 12:00:00,1
168,1.2034003809999998,1,1924-11-28 13:00:00,1
169,1.249120381,1,1924-11-29 14:00:00,1
170,1.169148577,1,1925-01-12 15:00:00,1
171,1.150860577,1,1925-01-20 20:00:00,1
172,1.138668577,1,1925-01-26 15:00:00,1
173,1.184388577,1,1925-05-25 02:00:00,1
174,1.141716577,1,1925-06-07 00:00:00,1
175,1.251444577,1,1925-06-08 01:00:00,1
176,1.300212577,1,1925-06-09 02:00:00,1
177,1.166100577,1,1925-06-10 03:00:00,1
178,1.138668577,1,1925-07-04 23:00:00,1
179,1.141716577,1,1925-07-06 00:00:00,1
180,1.184388577,1,1925-07-07 01:00:00,1
181,1.147812577,1,1925-08-04 00:00:00,1
182,1.160004577,1,1925-08-05 01:00:00,1
183,1.254492577,1,1925-08-06 02:00:00,1
184,1.135620577,1,1925-08-07 03:00:00,1
185,1.1904845769999999,1,1925-09-02 00:00:00,1
186,1.138668577,1,1925-09-03 00:00:00,1
187,1.175244577,1,1925-09-04 01:00:00,3
188,1.184388577,1,1925-10-03 13:00:00,1
189,1.239252577,1,1925-10-05 15:00:00,1
190,1.196580577,1,1925-10-25 18:00:00,1
191,1.193532577,1,1925-11-04 15:00:00,1
192,1.156956577,1,1925-11-13 08:00:00,1
193,1.156956577,1,1925-12-01 14:00:00,1
194,1.4617565769999998,1,1925-12-03 15:00:00,1
195,1.138668577,1,1925-12-16 13:00:00,1
196,1.141716577,1,1925-12-20 16:00:00,1
197,1.137736884,1,1926-01-14 13:00:00,1
198,1.323664884,1,1926-01-15 14:00:00,1
199,1.186504884,1,1926-02-01 15:00:00,1
200,1.253560884,1,1926-02-04 06:00:00,1
201,1.381576884,1,1926-02-10 11:00:00,1
202,1.156024884,1,1926-02-11 12:00:00,1
203,1.2748968840000001,1,1926-02-14 14:00:00,3
204,1.156024884,1,1926-03-31 14:00:00,2
205,1.171264884,1,1926-05-11 00:00:00,1
206,1.131640884,1,1926-07-26 01:00:00,1
207,1.213936884,1,1926-07-27 02:00:00,1
208,1.186504884,1,1926-08-21 23:00:00,1
209,1.165168884,1,1926-08-22 23:00:00,1
210,1.152976884,1,1926-08-24 00:00:00,1
211,1.195648884,2,1926-08-26 03:00:00,3
212,1.183456884,1,1926-09-19 23:00:00,1
213,1.198696884,1,1926-09-20 23:00:00,1
214,1.210888884,1,1926-09-22 00:00:00,2
215,1.183456884,1,1926-09-23 01:00:00,2
216,1.146880884,1,1926-09-24 15:00:00,1
217,1.210888884,1,1926-10-20 12:00:00,1
218,1.223080884,1,1926-10-21 13:00:00,1
219,1.168216884,1,1926-10-22 13:00:00,1
220,1.259656884,1,1926-10-24 15:00:00,1
221,1.177360884,1,1926-10-25 15:00:00,1
222,1.1743128840000001,1,1926-11-19 13:00:00,1
223,1.134688884,1,1926-12-07 15:00:00,1
224,1.782455893,2,1927-02-20 15:00:00,3
225,1.2338158929999998,1,1927-03-03 12:00:00,1
226,1.325255893,2,1927-04-03 01:00:00,4
227,1.1423758929999999,1,1927-05-29 23:00:00,1
228,1.172855893,1,1927-05-31 00:00:00,1
229,1.172855893,1,1927-06-01 01:00:00,1
230,1.212479893,3,1927-10-13 14:00:00,3
231,1.151519893,1,1927-10-18 19:00:00,1
232,1.181999893,1,1927-11-10 13:00:00,1
233,1.547759893,2,1927-12-05 09:00:00,2
234,1.151519893,1,1927-12-07 11:00:00,1
235,1.456319893,1,1927-12-08 11:00:00,1
236,1.2429598929999999,1,1927-12-16 20:00:00,1
237,1.2122769949999999,1,1928-03-18 11:00:00,1
238,1.181796995,1,1928-04-22 02:00:00,1
239,1.151316995,1,1928-04-23 02:00:00,1
240,1.181796995,1,1928-04-28 09:00:00,1
241,1.181796995,1,1928-05-20 00:00:00,1
242,1.181796995,1,1928-05-21 01:00:00,1
243,1.151316995,1,1928-06-20 02:00:00,1
244,1.181796995,1,1928-08-12 22:00:00,1
245,1.4256369949999999,1,1928-09-19 16:00:00,2
246,1.181796995,1,1928-09-30 13:00:00,1
247,1.242756995,1,1928-10-01 14:00:00,1
248,1.238208979,1,1929-04-11 01:00:00,1
249,1.390607979,1,1929-04-12 02:00:00,1
250,1.268687979,1,1929-04-13 03:00:00,1
251,1.238208979,1,1929-04-14 04:00:00,1
252,1.512527979,2,1929-04-16 18:00:00,3
253,1.146767979,1,1929-06-09 01:00:00,1
254,1.207727979,1,1929-06-11 03:00:00,1
255,1.512527979,2,1929-10-02 12:00:00,4
256,1.177247979,1,1929-10-22 15:00:00,1
257,1.360127979,1,1929-11-18 13:00:00,1
258,1.177247979,1,1929-12-17 13:00:00,1
259,1.177247979,1,1929-12-18 14:00:00,1
260,1.207727979,1,1929-12-19 15:00:00,1
261,1.207727979,1,1929-12-23 19:00:00,1
262,1.2124363379999998,1,1930-01-15 13:00:00,1
263,1.151476338,1,1930-01-18 15:00:00,1
264,1.151476338,1,1930-03-08 06:00:00,1
265,1.2124363379999998,1,1930-05-15 02:00:00,1
266,1.303876338,1,1930-08-23 00:00:00,3
267,1.2124363379999998,1,1930-11-19 12:00:00,1
268,1.151476338,1,1930-12-07 13:00:00,1
269,1.4153728959999998,2,1931-01-06 13:00:00,2
270,1.5372928959999999,3,1931-03-05 01:00:00,4
271,1.6287328959999998,1,1931-03-08 16:00:00,2
272,1.3239328959999999,1,1931-04-01 23:00:00,1
273,1.171532896,1,1931-04-07 04:00:00,1
274,1.141052896,1,1931-08-23 22:00:00,1
275,1.141052896,1,1931-10-11 12:00:00,1
276,1.5300242769999999,2,1932-01-02 07:00:00,2
277,1.164264277,1,1932-01-04 09:00:00,1
278,1.133784277,1,1932-02-08 14:00:00,1
279,1.133784277,1,1932-02-28 05:00:00,1
280,1.347144277,3,1932-03-07 01:00:00,3
281,1.164264277,1,1932-03-22 12:00:00,1
282,1.133784277,1,1932-06-19 01:00:00,1
283,1.164264277,1,1932-09-08 18:00:00,1
284,1.347144277,1,1932-11-01 15:00:00,1
285,1.773864277,3,1932-11-10 10:00:00,3
286,1.133784277,1,1932-11-27 11:00:00,1
287,1.164264277,1,1932-11-28 12:00:00,1
288,1.164264277,1,1932-11-29 13:00:00,1
289,1.3166642769999999,1,1932-11-30 14:00:00,1
290,1.133784277,1,1932-12-25 10:00:00,1
291,1.194744277,1,1932-12-28 13:00:00,1
292,1.617347705,3,1933-01-27 14:00:00,5
293,1.2211077049999999,1,1933-04-12 02:00:00,1
294,1.160146705,1,1933-05-08 23:00:00,1
295,1.2211077049999999,1,1933-05-10 00:00:00,1
296,1.2211077049999999,1,1933-05-11 01:00:00,1
297,1.190626705,1,1933-06-08 00:00:00,1
298,1.190626705,1,1933-06-09 00:00:00,1
299,1.190626705,1,1933-06-10 01:00:00,1
300,1.160146705,1,1933-07-03 21:00:00,1
301,1.373506705,1,1933-08-24 01:00:00,1
302,1.160146705,1,1933-09-17 23:00:00,1
303,1.160146705,1,1933-10-05 14:00:00,1
304,1.1561304049999999,1,1934-01-16 13:00:00,1
305,1.186609405,1,1934-04-01 01:00:00,1
306,1.217090405,1,1934-04-11 23:00:00,1
307,1.1561304049999999,1,1934-04-14 00:00:00,1
308,1.186609405,1,1934-09-09 00:00:00,1
309,1.1561304049999999,1,1934-10-22 12:00:00,1
310,1.247570405,1,1934-10-24 13:00:00,1
311,1.2131698009999998,1,1935-04-09 04:00:00,1
312,1.274129801,1,1935-06-19 02:00:00,1
313,1.152209801,1,1935-09-14 13:00:00,1
314,1.2131698009999998,1,1935-11-10 12:00:00,1
315,1.6703698009999999,1,1935-11-17 18:00:00,1
316,1.152209801,1,1935-12-09 12:00:00,1
317,1.197152117,2,1936-03-21 23:00:00,2
318,1.136192117,1,1936-03-25 01:00:00,1
319,1.136192117,1,1936-09-18 14:00:00,1
320,1.3800321169999998,2,1936-10-01 12:00:00,2
321,1.166672117,1,1936-10-02 13:00:00,1
322,1.197152117,1,1936-10-03 14:00:00,1
323,1.410512117,1,1936-10-17 13:00:00,1
324,1.227632117,1,1936-12-20 05:00:00,1
325,1.2360884779999999,1,1937-02-17 05:00:00,1
326,1.144648478,1,1937-02-18 06:00:00,1
327,1.175128478,1,1937-02-22 08:00:00,1
328,1.144648478,1,1937-03-16 03:00:00,1
329,1.266568478,1,1937-04-27 02:00:00,1
330,1.144648478,1,1937-09-06 13:00:00,1
331,1.297048478,1,1937-10-20 13:00:00,1
332,1.510408478,1,1937-10-23 15:00:00,1
333,1.2056084779999998,1,1937-11-17 11:00:00,1
334,1.2056084779999998,1,1937-11-18 12:00:00,1
335,1.175128478,1,1937-11-19 13:00:00,1
336,1.266568478,1,1937-11-20 14:00:00,1
337,1.2056084779999998,1,1937-12-04 13:00:00,1
338,1.2360884779999999,1,1937-12-18 13:00:00,1
339,1.171481608,1,1938-01-14 11:00:00,1
340,1.1410016079999998,1,1938-01-15 11:00:00,1
341,1.1410016079999998,1,1938-01-16 13:00:00,1
342,1.293401608,1,1938-01-17 13:00:00,1
343,1.201961608,1,1938-02-20 04:00:00,1
344,1.293401608,1,1938-05-30 00:00:00,1
345,1.2629216079999999,1,1938-05-31 01:00:00,1
346,1.2629216079999999,1,1938-06-28 00:00:00,1
347,1.2629216079999999,1,1938-06-29 01:00:00,1
348,1.1410016079999998,1,1938-06-30 02:00:00,1
349,1.7201216080000001,1,1938-09-21 20:00:00,1
350,1.2629216079999999,1,1938-12-06 11:00:00,1
351,1.232441608,1,1938-12-09 13:00:00,1
352,1.171481608,1,1938-12-10 15:00:00,1
353,1.228878331,1,1939-01-06 12:00:00,1
354,1.1679183309999999,1,1939-03-06 13:00:00,1
355,1.137439331,1,1939-03-13 06:00:00,1
356,1.137439331,1,1939-04-30 22:00:00,1
357,1.137439331,1,1939-05-03 00:00:00,1
358,1.442239331,1,1939-05-04 01:00:00,1
359,1.228878331,1,1939-06-18 00:00:00,1
360,1.137439331,1,1939-08-16 01:00:00,1
361,1.137439331,1,1939-08-19 16:00:00,1
362,1.1679183309999999,1,1939-08-30 01:00:00,1
363,1.1983993309999998,1,1939-11-26 12:00:00,1
364,1.137439331,1,1939-12-13 14:00:00,1
365,1.185774472,1,1940-01-15 04:00:00,1
366,1.216254472,1,1940-02-20 09:00:00,1
367,1.1552934719999999,1,1940-03-04 09:00:00,1
368,1.399133472,1,1940-04-20 23:00:00,5
369,1.216254472,1,1940-04-24 02:00:00,1
370,1.1552934719999999,1,1940-05-20 23:00:00,1
371,1.246734472,1,1940-05-23 01:00:00,1
372,1.338174472,1,1940-05-24 02:00:00,1
373,1.1552934719999999,1,1940-05-25 03:00:00,1
374,1.1552934719999999,1,1940-08-02 23:00:00,1
375,1.399133472,4,1940-10-02 13:00:00,6
376,1.216254472,1,1940-10-04 15:00:00,1
377,1.216254472,1,1940-10-30 12:00:00,1
378,1.307693472,1,1940-10-31 12:00:00,1
379,1.246734472,1,1940-11-01 13:00:00,1
380,1.307693472,1,1940-11-02 14:00:00,1
381,1.277214472,1,1940-11-27 10:00:00,1
382,1.185774472,1,1940-12-26 10:00:00,1
383,1.338174472,1,1940-12-27 11:00:00,1
384,1.368654472,1,1940-12-28 12:00:00,1
385,1.429614472,1,1940-12-29 13:00:00,1
386,1.246734472,1,1940-12-30 13:00:00,1
387,1.252475855,1,1941-01-12 12:00:00,1
388,1.252475855,1,1941-01-17 03:00:00,1
389,1.1305558549999999,1,1941-02-14 14:00:00,1
390,1.1305558549999999,1,1941-04-12 00:00:00,1
391,1.1305558549999999,1,1941-05-09 23:00:00,1
392,1.191515855,1,1941-05-11 00:00:00,1
393,1.2219958549999999,1,1941-05-12 01:00:00,1
394,1.161035855,1,1941-05-13 01:00:00,1
395,1.191515855,1,1941-06-06 22:00:00,1
396,1.1305558549999999,1,1941-09-24 15:00:00,1
397,1.191515855,1,1941-09-25 15:00:00,1
398,1.1305558549999999,1,1941-10-22 14:00:00,1
399,1.1305558549999999,1,1941-12-18 12:00:00,1
400,1.218669204,1,1942-01-02 12:00:00,1
401,1.340589204,1,1942-02-07 16:00:00,1
402,1.432029204,1,1942-03-03 13:00:00,2
403,1.157709204,1,1942-05-02 02:00:00,1
404,1.188189204,1,1942-05-03 03:00:00,1
405,1.218669204,1,1942-06-01 02:00:00,1
406,1.157709204,1,1942-07-28 01:00:00,1
407,1.188189204,1,1942-09-21 23:00:00,1
408,1.157709204,1,1942-09-24 13:00:00,1
409,1.157709204,1,1942-09-27 15:00:00,1
410,1.188189204,1,1942-10-12 15:00:00,1
411,1.188189204,1,1942-10-13 16:00:00,1
412,1.157709204,1,1942-11-08 13:00:00,1
413,1.157709204,1,1942-11-09 14:00:00,1
414,1.249149204,1,1942-11-10 14:00:00,1
415,1.401549204,1,1942-12-02 08:00:00,1
416,1.188189204,1,1942-12-09 14:00:00,1
417,1.215415144,1,1943-02-06 14:00:00,1
418,1.489735144,1,1943-03-07 01:00:00,1
419,1.306855144,1,1943-04-20 01:00:00,1
420,1.154455144,1,1943-05-21 02:00:00,1
421,1.154455144,1,1943-05-22 03:00:00,1
422,1.184935144,1,1943-06-18 01:00:00,1
423,1.154455144,1,1943-07-18 01:00:00,1
424,1.154455144,1,1943-07-19 02:00:00,1
425,1.154455144,1,1943-07-20 03:00:00,1
426,1.184935144,1,1943-08-16 01:00:00,1
427,1.215415144,1,1943-08-17 02:00:00,1
428,1.215415144,1,1943-09-15 02:00:00,3
429,1.2458951440000001,1,1943-09-30 14:00:00,2
430,1.184935144,1,1943-10-10 23:00:00,1
431,1.154455144,1,1943-10-16 15:00:00,1
432,1.642135144,2,1943-10-27 00:00:00,3
433,1.184935144,1,1943-11-30 15:00:00,1
434,1.303670299,1,1944-01-04 08:00:00,1
435,1.273190299,1,1944-01-05 10:00:00,1
436,1.242710299,1,1944-01-06 10:00:00,1
437,1.151270299,1,1944-04-25 03:00:00,1
438,1.151270299,1,1944-06-20 00:00:00,1
439,1.151270299,1,1944-08-07 03:00:00,1
440,1.151270299,1,1944-08-08 04:00:00,1
441,1.181751299,1,1944-09-05 15:00:00,1
442,1.791350299,1,1944-09-15 01:00:00,1
443,1.181751299,1,1944-10-01 00:00:00,1
444,1.212230299,1,1944-10-02 01:00:00,1
445,1.151270299,1,1944-10-03 14:00:00,1
446,1.181751299,1,1944-10-21 15:00:00,1
447,1.303670299,1,1944-10-28 23:00:00,1
448,1.151270299,1,1944-11-16 14:00:00,1
449,1.151270299,1,1944-11-17 15:00:00,1
450,1.242710299,1,1944-11-18 15:00:00,1
451,1.273190299,1,1944-11-21 17:00:00,1
452,1.212230299,1,1944-11-29 13:00:00,1
453,1.608470299,1,1944-11-30 13:00:00,1
454,1.242710299,1,1944-12-08 20:00:00,1
455,1.273190299,1,1944-12-12 10:00:00,1
456,1.190823893,1,1945-01-14 14:00:00,1
457,1.434664893,1,1945-01-16 15:00:00,1
458,1.1603438929999998,1,1945-02-14 15:00:00,1
459,1.190823893,1,1945-05-04 05:00:00,1
460,1.312743893,1,1945-05-11 00:00:00,1
461,1.1603438929999998,1,1945-05-14 03:00:00,1
462,1.190823893,1,1945-07-28 03:00:00,1
463,1.1603438929999998,1,1945-08-24 01:00:00,1
464,1.190823893,1,1945-08-25 02:00:00,1
465,1.282264893,1,1945-09-18 23:00:00,1
466,1.221304893,1,1945-10-22 13:00:00,1
467,1.190823893,1,1945-10-23 14:00:00,1
468,1.282264893,1,1945-10-24 15:00:00,1
469,1.312743893,2,1945-11-20 00:00:00,2
470,1.4041838930000001,1,1945-11-22 13:00:00,1
471,1.495623893,1,1945-11-29 09:00:00,2
472,1.434664893,3,1945-12-02 11:00:00,3
473,1.4041838930000001,1,1945-12-06 13:00:00,1
474,1.4041838930000001,3,1945-12-20 13:00:00,3
475,1.145097651,1,1946-01-18 13:00:00,1
476,1.175577651,1,1946-01-21 15:00:00,1
477,1.145097651,1,1946-04-03 01:00:00,1
478,1.2974976509999998,3,1946-04-05 02:00:00,3
479,1.2060576509999998,1,1946-05-28 22:00:00,1
480,1.4194176509999998,1,1946-05-29 23:00:00,1
481,1.3279776509999999,1,1946-05-31 00:00:00,1
482,1.3279776509999999,1,1946-06-01 01:00:00,1
483,1.2974976509999998,1,1946-06-02 02:00:00,1
484,1.2974976509999998,1,1946-06-03 02:00:00,1
485,1.236537651,4,1946-10-11 13:00:00,4
486,1.2974976509999998,1,1946-10-12 13:00:00,1
487,1.175577651,1,1946-10-14 15:00:00,1
488,1.267017651,1,1946-11-08 11:00:00,1
489,1.3279776509999999,1,1946-11-10 13:00:00,1
490,1.3279776509999999,1,1946-11-11 14:00:00,1
491,1.145097651,1,1946-11-12 15:00:00,1
492,1.145097651,1,1946-12-10 14:00:00,1
493,1.142102097,1,1947-01-07 12:00:00,1
494,1.172583097,1,1947-02-07 14:00:00,1
495,1.324982097,1,1947-04-22 01:00:00,1
496,1.172583097,1,1947-04-23 02:00:00,1
497,1.142102097,1,1947-05-22 01:00:00,1
498,1.172583097,1,1947-06-17 23:00:00,1
499,1.2030620969999999,1,1947-06-19 00:00:00,1
500,1.2030620969999999,1,1947-06-20 01:00:00,1
501,1.233542097,1,1947-06-21 02:00:00,1
502,1.142102097,1,1947-07-17 23:00:00,1
503,1.233542097,1,1947-08-18 01:00:00,1
504,1.142102097,1,1947-09-15 00:00:00,1
505,1.142102097,1,1947-10-30 12:00:00,1
506,1.4773820969999998,1,1947-10-31 13:00:00,3
507,1.172583097,1,1947-11-02 15:00:00,1
508,1.294502097,1,1947-11-04 17:00:00,1
509,1.172583097,1,1947-11-08 09:00:00,1
510,1.194028555,1,1948-01-02 05:00:00,1
511,1.2245085549999999,1,1948-01-25 11:00:00,1
512,1.163548555,1,1948-02-23 11:00:00,1
513,1.2245085549999999,1,1948-03-23 23:00:00,2
514,1.254988555,1,1948-05-21 23:00:00,1
515,1.163548555,1,1948-06-08 00:00:00,1
516,1.133068555,1,1948-06-09 01:00:00,1
517,1.194028555,1,1948-06-10 02:00:00,1
518,1.254988555,1,1948-07-08 01:00:00,1
519,1.254988555,1,1948-08-06 00:00:00,1
520,1.163548555,1,1948-10-03 13:00:00,1
521,1.133068555,1,1948-10-04 13:00:00,1
522,1.407388555,3,1948-10-06 15:00:00,3
523,1.2245085549999999,1,1948-10-07 16:00:00,1
524,1.2245085549999999,1,1948-11-02 13:00:00,1
525,1.194028555,1,1948-11-03 14:00:00,1
526,1.163548555,1,1948-11-29 11:00:00,1
527,1.285468555,1,1948-11-30 12:00:00,1
528,1.194028555,1,1948-12-16 12:00:00,1
529,1.163548555,1,1948-12-17 13:00:00,1
530,1.285468555,2,1948-12-20 15:00:00,2
531,1.166761549,1,1949-01-15 13:00:00,1
532,1.136280549,1,1949-01-16 13:00:00,1
533,1.227720549,1,1949-01-28 12:00:00,1
534,1.227720549,1,1949-02-15 14:00:00,1
535,1.288681549,1,1949-04-14 01:00:00,1
536,1.166761549,1,1949-04-15 02:00:00,1
537,1.166761549,1,1949-04-16 02:00:00,1
538,1.349641549,1,1949-05-11 23:00:00,1
539,1.319160549,1,1949-05-13 00:00:00,1
540,1.166761549,1,1949-09-23 13:00:00,1
541,1.349641549,6,1949-10-21 12:00:00,6
542,1.349641549,1,1949-10-22 12:00:00,1
543,1.136280549,1,1949-10-24 14:00:00,1
544,1.136280549,1,1949-11-02 10:00:00,1
545,1.279752505,1,1950-02-15 11:00:00,1
546,1.3102325049999999,3,1950-09-13 01:00:00,4
547,1.1883125049999999,1,1950-09-14 14:00:00,1
548,1.157832505,1,1950-10-11 12:00:00,1
549,1.1883125049999999,1,1950-10-12 13:00:00,1
550,1.157832505,1,1950-11-09 11:00:00,1
551,1.1883125049999999,1,1950-11-11 13:00:00,1
552,2.102712505,1,1950-11-25 13:00:00,4
553,1.645512505,3,1950-12-08 11:00:00,3
554,1.3102325049999999,1,1950-12-09 12:00:00,1
555,1.279752505,1,1950-12-10 13:00:00,1
556,1.462632505,1,1950-12-11 14:00:00,1
557,1.191623046,1,1951-02-07 13:00:00,1
558,1.161144046,1,1951-03-04 09:00:00,1
559,1.2525830459999998,1,1951-03-14 04:00:00,1
560,1.2525830459999998,1,1951-05-18 22:00:00,1
561,1.161144046,1,1951-05-21 00:00:00,1
562,1.161144046,1,1951-05-22 01:00:00,1
563,1.191623046,1,1951-05-23 01:00:00,1
564,1.161144046,1,1951-05-24 02:00:00,1
565,1.161144046,1,1951-05-25 03:00:00,1
566,1.130663046,1,1951-06-18 23:00:00,1
567,1.161144046,1,1951-06-20 00:00:00,1
568,1.161144046,1,1951-06-21 01:00:00,1
569,1.130663046,1,1951-06-22 02:00:00,1
570,1.191623046,1,1951-07-19 00:00:00,1
571,1.161144046,1,1951-07-20 01:00:00,1
572,1.130663046,1,1951-08-17 00:00:00,1
573,1.130663046,1,1951-08-18 00:00:00,1
574,1.191623046,1,1951-10-04 15:00:00,1
575,1.130663046,1,1951-10-07 18:00:00,1
576,1.130663046,1,1951-10-31 13:00:00,1
577,1.4659430459999998,1,1951-11-01 14:00:00,1
578,1.222103046,1,1951-11-02 14:00:00,1
579,1.222103046,1,1951-11-03 14:00:00,1
580,1.130663046,1,1951-11-29 12:00:00,1
581,1.191623046,1,1951-11-30 13:00:00,1
582,1.222103046,1,1951-12-01 14:00:00,1
583,1.191623046,1,1951-12-21 05:00:00,1
584,1.191623046,1,1951-12-30 14:00:00,1
585,1.158402996,1,1952-01-08 10:00:00,1
586,1.158402996,1,1952-02-28 02:00:00,1
587,1.341282996,1,1952-05-12 01:00:00,1
588,1.158402996,1,1952-07-10 02:00:00,1
589,1.158402996,1,1952-11-19 14:00:00,1
590,1.1888829959999998,1,1952-11-20 14:00:00,1
591,1.3108029959999998,3,1952-11-22 15:00:00,3
592,1.2193629959999999,1,1952-12-02 13:00:00,1
593,1.371762996,2,1952-12-23 05:00:00,2
594,1.2166652809999998,1,1953-01-22 06:00:00,1
595,1.2166652809999998,1,1953-02-13 12:00:00,1
596,1.2471452809999999,1,1953-02-15 14:00:00,1
597,1.186185281,1,1953-04-12 23:00:00,1
598,1.155705281,1,1953-05-13 00:00:00,1
599,1.582425281,3,1953-10-23 13:00:00,5
600,1.2471452809999999,1,1953-10-25 14:00:00,1
601,2.192025281,2,1953-11-07 11:00:00,2
602,1.155705281,1,1953-11-22 13:00:00,1
603,1.214005223,1,1954-01-12 06:00:00,1
604,1.274965223,1,1954-05-03 00:00:00,1
605,1.427365223,1,1954-05-04 01:00:00,1
606,1.2444852229999999,1,1954-05-05 02:00:00,1
607,1.153045223,1,1954-06-03 01:00:00,1
608,1.4883252230000001,1,1954-08-31 14:00:00,1
609,1.183525223,1,1954-09-15 14:00:00,1
610,1.2444852229999999,1,1954-10-15 15:00:00,3
611,1.214005223,1,1954-10-29 14:00:00,1
612,1.235765448,1,1955-01-06 10:00:00,1
613,1.2662454479999998,1,1955-03-22 11:00:00,2
614,1.144325448,1,1955-03-26 14:00:00,1
615,1.2662454479999998,1,1955-04-23 00:00:00,1
616,1.235765448,1,1955-04-24 01:00:00,1
617,1.479605448,1,1955-04-25 02:00:00,1
618,1.235765448,1,1955-04-26 03:00:00,1
619,1.296725448,1,1955-06-09 02:00:00,1
620,1.1748054479999999,1,1955-06-21 01:00:00,1
621,1.1748054479999999,1,1955-08-13 09:00:00,2
622,1.144325448,1,1955-08-19 01:00:00,1
623,1.723445448,2,1955-10-14 22:00:00,7
624,1.144325448,1,1955-10-18 14:00:00,1
625,1.296725448,1,1955-10-30 11:00:00,3
626,1.388165448,1,1955-11-02 13:00:00,1
627,1.327205448,1,1955-11-03 14:00:00,1
628,1.3916695799999999,2,1956-01-10 11:00:00,2
629,1.20878958,1,1956-01-11 11:00:00,1
630,1.20878958,1,1956-03-17 02:00:00,1
631,1.20878958,1,1956-03-19 05:00:00,1
632,1.20878958,1,1956-04-13 01:00:00,1
633,1.1783095799999999,1,1956-04-16 03:00:00,1
634,1.14782958,1,1956-06-09 00:00:00,1
635,1.23926958,1,1956-06-10 01:00:00,1
636,1.14782958,1,1956-07-08 00:00:00,1
637,1.20878958,1,1956-07-09 01:00:00,1
638,1.1783095799999999,1,1956-07-10 02:00:00,1
639,1.26974958,3,1956-08-07 00:00:00,5
640,1.20878958,1,1956-09-27 18:00:00,1
641,1.1783095799999999,1,1956-10-23 15:00:00,1
642,1.14782958,1,1956-10-25 17:00:00,1
643,1.1783095799999999,1,1956-11-02 12:00:00,1
644,1.26974958,1,1956-11-03 13:00:00,1
645,1.14782958,1,1956-11-26 07:00:00,1
646,1.14782958,1,1956-12-15 10:00:00,1
647,1.200107744,1,1957-01-16 13:00:00,1
648,1.170107744,1,1957-02-13 12:00:00,1
649,1.231107744,2,1957-02-15 02:00:00,5
650,1.139107744,1,1957-03-16 01:00:00,1
651,1.200107744,1,1957-03-20 04:00:00,1
652,1.139107744,1,1957-06-29 02:00:00,1
653,1.170107744,1,1957-08-26 01:00:00,1
654,1.139107744,1,1957-09-25 14:00:00,1
655,1.383107744,1,1957-10-07 00:00:00,1
656,1.170107744,1,1957-10-24 14:00:00,1
657,1.139107744,1,1957-10-26 16:00:00,1
658,1.200107744,1,1957-11-19 11:00:00,1
659,1.170107744,1,1957-11-20 12:00:00,1
660,1.170107744,1,1957-12-05 12:00:00,1
661,1.139107744,1,1957-12-21 13:00:00,1
662,1.170107744,1,1957-12-26 17:00:00,1
663,1.1888091959999998,1,1958-01-15 09:00:00,1
664,1.340587196,1,1958-01-25 17:00:00,1
665,1.2495861959999999,1,1958-02-02 11:00:00,1
666,1.2185871959999999,1,1958-02-08 03:00:00,1
667,1.6755861959999998,2,1958-03-21 01:00:00,2
668,1.5545861959999998,4,1958-04-04 00:00:00,11
669,1.1578091959999999,1,1958-05-05 02:00:00,1
670,1.2188091959999998,1,1958-05-06 03:00:00,1
671,1.1888091959999998,1,1958-05-07 04:00:00,1
672,1.1578091959999999,1,1958-08-17 02:00:00,1
673,1.1578091959999999,1,1958-09-17 16:00:00,1
674,1.1578091959999999,1,1958-09-18 17:00:00,1
675,1.1888091959999998,1,1958-09-28 13:00:00,1
676,1.310809196,3,1958-10-26 13:00:00,3
677,1.340809196,1,1958-11-10 12:00:00,1
678,1.2188091959999998,1,1958-12-12 14:00:00,1
679,1.171058962,1,1959-01-02 06:00:00,1
680,1.354058962,1,1959-03-12 16:00:00,1
681,1.4450589619999998,2,1959-03-28 03:00:00,2
682,1.171058962,1,1959-04-23 01:00:00,1
683,1.262058962,1,1959-04-24 02:00:00,1
684,1.140058962,1,1959-04-25 02:00:00,1
685,1.232058962,1,1959-04-29 06:00:00,1
686,1.171058962,1,1959-06-20 00:00:00,1
687,1.140058962,1,1959-06-21 01:00:00,1
688,1.201058962,1,1959-06-22 01:00:00,1
689,1.201058962,1,1959-10-03 14:00:00,1
690,1.140058962,1,1959-11-03 15:00:00,1
691,1.171058962,1,1959-12-03 16:00:00,1
692,1.384058962,1,1959-12-07 07:00:00,1
693,1.6280589619999999,5,1959-12-30 13:00:00,5
694,1.140058962,1,1959-12-31 15:00:00,1
695,1.137566665,1,1960-01-27 13:00:00,1
696,1.3205666649999999,1,1960-01-28 13:00:00,1
697,1.259567665,1,1960-01-29 14:00:00,1
698,1.198566665,1,1960-01-30 15:00:00,1
699,1.168566665,2,1960-02-01 04:00:00,2
700,1.137566665,1,1960-02-11 12:00:00,1
701,1.5645666649999999,1,1960-02-14 14:00:00,1
702,1.777566665,1,1960-02-19 06:00:00,1
703,1.229566665,2,1960-02-26 13:00:00,2
704,1.137566665,1,1960-05-12 02:00:00,1
705,1.168566665,1,1960-05-13 02:00:00,1
706,1.168566665,1,1960-06-09 00:00:00,1
707,1.229566665,1,1960-06-10 01:00:00,1
708,1.351566665,1,1960-06-11 02:00:00,3
709,1.168566665,1,1960-06-13 04:00:00,1
710,1.137566665,1,1960-07-09 01:00:00,1
711,1.198566665,1,1960-08-06 00:00:00,1
712,1.137566665,1,1960-08-07 01:00:00,1
713,1.168566665,1,1960-08-08 02:00:00,1
714,1.137566665,1,1960-09-04 00:00:00,1
715,1.137566665,1,1960-09-06 01:00:00,1
716,2.3875666649999996,1,1960-09-12 18:00:00,1
717,1.137566665,1,1960-09-25 16:00:00,1
718,1.290566665,7,1960-11-01 12:00:00,8
719,1.168566665,1,1960-11-19 14:00:00,1
720,1.290566665,1,1960-12-21 16:00:00,1
721,1.470092196,3,1961-01-16 13:00:00,3
722,1.3180921959999998,1,1961-01-20 04:00:00,2
723,1.440092196,1,1961-02-04 16:00:00,1
724,1.135092196,1,1961-02-14 12:00:00,1
725,1.623092196,1,1961-03-09 06:00:00,1
726,1.2270921959999999,1,1961-03-14 11:00:00,1
727,1.135092196,1,1961-03-15 12:00:00,1
728,1.867092196,1,1961-04-13 12:00:00,2
729,1.135092196,1,1961-04-15 01:00:00,1
730,1.2270921959999999,2,1961-04-16 14:00:00,3
731,1.135092196,1,1961-07-28 01:00:00,1
732,1.166092196,1,1961-07-29 02:00:00,1
733,1.135092196,1,1961-09-23 00:00:00,1
734,1.2270921959999999,4,1961-09-25 14:00:00,5
735,1.5620921959999998,4,1961-10-22 12:00:00,10
736,1.4090921959999998,1,1961-11-24 15:00:00,1
737,1.166092196,1,1961-12-19 11:00:00,1
738,1.135092196,1,1961-12-20 12:00:00,1
739,1.2570921959999999,1,1961-12-24 15:00:00,1
740,2.047630481,4,1962-03-07 02:00:00,8
741,1.163630481,1,1962-03-12 18:00:00,1
742,1.163630481,2,1962-03-22 14:00:00,2
743,1.254630481,3,1962-05-03 00:00:00,3
744,1.2856304809999999,1,1962-05-04 01:00:00,1
745,1.224630481,1,1962-05-05 02:00:00,1
746,1.1936304809999998,1,1962-05-06 02:00:00,1
747,1.163630481,1,1962-07-17 01:00:00,1
748,1.1326304809999999,1,1962-09-14 01:00:00,1
749,1.1326304809999999,1,1962-09-28 01:00:00,1
750,1.1326304809999999,1,1962-10-15 15:00:00,1
751,1.1936304809999998,1,1962-11-03 18:00:00,1
752,1.6506304809999999,1,1962-11-10 12:00:00,1
753,1.163630481,1,1962-11-12 13:00:00,1
754,1.254630481,1,1962-11-13 14:00:00,1
755,1.254630481,1,1962-11-16 17:00:00,1
756,1.4066304809999999,3,1962-12-06 19:00:00,4
757,1.222180542,1,1963-01-08 12:00:00,1
758,1.283180542,1,1963-01-09 13:00:00,1
759,1.130180542,1,1963-01-12 15:00:00,1
760,1.4041805419999998,1,1963-01-27 15:00:00,1
761,1.130180542,1,1963-03-27 02:00:00,1
762,1.313180542,1,1963-04-24 01:00:00,1
763,1.161180542,1,1963-06-21 00:00:00,1
764,1.161180542,1,1963-07-21 01:00:00,1
765,1.130180542,1,1963-07-22 02:00:00,1
766,1.252180542,2,1963-09-06 15:00:00,2
767,1.130180542,1,1963-11-01 13:00:00,1
768,1.130180542,1,1963-11-02 14:00:00,1
769,1.344180542,1,1963-11-07 18:00:00,1
770,1.313180542,2,1963-11-30 00:00:00,2
771,1.2197382049999999,1,1964-01-13 13:00:00,1
772,1.188738205,1,1964-05-13 02:00:00,1
773,1.158738205,1,1964-05-14 03:00:00,1
774,1.158738205,1,1964-05-15 04:00:00,1
775,1.158738205,1,1964-06-10 01:00:00,1
776,1.158738205,1,1964-07-10 01:00:00,1
777,1.158738205,1,1964-07-11 02:00:00,1
778,1.280738205,3,1964-11-20 13:00:00,3
779,1.188738205,1,1964-12-22 16:00:00,1
780,1.186300594,1,1965-01-16 12:00:00,1
781,1.399300594,1,1965-01-17 13:00:00,1
782,1.2173005940000001,1,1965-01-18 14:00:00,1
783,1.2173005940000001,1,1965-03-18 14:00:00,1
784,1.186300594,1,1965-07-01 03:00:00,1
785,1.186300594,1,1965-07-29 01:00:00,1
786,1.156300594,1,1965-07-30 02:00:00,1
787,1.2173005940000001,1,1965-10-23 12:00:00,1
788,1.156300594,1,1965-11-22 13:00:00,1
789,1.186300594,1,1965-12-12 16:00:00,1
790,1.186300594,1,1965-12-13 17:00:00,1
791,1.214864934,1,1966-01-07 13:00:00,1
792,1.793864934,1,1966-01-23 14:00:00,1
793,1.153864934,1,1966-03-05 12:00:00,1
794,1.153864934,1,1966-04-05 01:00:00,1
795,1.183864934,1,1966-08-17 01:00:00,1
796,1.244864934,1,1966-09-15 01:00:00,2
797,1.244864934,1,1966-09-16 14:00:00,1
798,1.183864934,1,1966-09-20 18:00:00,1
799,1.3968649340000001,1,1966-09-21 18:00:00,1
800,1.244864934,1,1966-11-28 13:00:00,1
801,1.214864934,1,1966-12-14 15:00:00,1
802,1.427864934,1,1966-12-29 13:00:00,1
803,1.3944282469999998,1,1967-01-27 14:00:00,2
804,1.242428247,1,1967-02-07 12:00:00,1
805,1.242428247,1,1967-03-27 02:00:00,3
806,1.303428247,1,1967-04-25 01:00:00,1
807,1.181428247,1,1967-04-26 02:00:00,1
808,1.151428247,1,1967-04-27 03:00:00,1
809,1.425428247,1,1967-04-28 04:00:00,1
810,1.3944282469999998,1,1967-04-29 05:00:00,1
811,1.181428247,1,1967-05-08 00:00:00,1
812,1.273428247,1,1967-05-24 01:00:00,1
813,1.425428247,1,1967-05-25 02:00:00,1
814,1.303428247,1,1967-05-26 03:00:00,1
815,1.212428247,1,1967-05-27 04:00:00,1
816,1.303428247,1,1967-06-21 00:00:00,1
817,1.212428247,1,1967-06-22 01:00:00,1
818,1.151428247,1,1967-10-19 01:00:00,1
819,1.181428247,1,1967-10-31 11:00:00,1
820,1.151428247,1,1967-11-01 12:00:00,1
821,1.334428247,1,1967-11-02 13:00:00,1
822,1.334428247,1,1967-11-03 14:00:00,1
823,1.303428247,1,1967-11-04 15:00:00,1
824,1.151428247,1,1967-12-02 14:00:00,1
825,1.334428247,1,1967-12-03 15:00:00,1
826,1.151428247,1,1967-12-11 10:00:00,1
827,1.30098676,1,1968-01-15 01:00:00,1
828,1.17898676,1,1968-04-15 03:00:00,1
829,1.20998676,1,1968-05-14 02:00:00,1
830,1.17898676,1,1968-06-10 00:00:00,1
831,1.42298676,1,1968-06-11 01:00:00,1
832,1.2399867599999999,1,1968-06-12 02:00:00,1
833,1.2399867599999999,1,1968-06-13 03:00:00,1
834,1.1489867599999999,1,1968-06-28 03:00:00,1
835,1.27698676,1,1968-10-24 15:00:00,1
836,1.2339867599999998,1,1968-10-25 16:00:00,1
837,1.16098676,1,1968-11-07 15:00:00,1
838,1.35598676,1,1968-11-10 17:00:00,1
839,1.80398676,1,1968-11-12 16:00:00,1
840,1.16098676,1,1968-11-18 11:00:00,1
841,1.15498676,1,1968-11-19 12:00:00,1
842,1.37998676,1,1968-12-04 13:00:00,1
843,1.16998676,1,1968-12-22 15:00:00,1
844,1.21898676,1,1968-12-23 16:00:00,1
845,1.167538096,1,1969-06-01 01:00:00,1
846,1.179538096,1,1969-06-02 02:00:00,1
847,1.2465380959999999,1,1969-06-03 03:00:00,1
848,1.130538096,1,1969-06-30 01:00:00,1
849,1.219538096,1,1969-07-01 02:00:00,1
850,1.161538096,1,1969-07-26 23:00:00,1
851,1.2525380959999999,1,1969-07-28 00:00:00,1
852,1.249538096,1,1969-07-29 01:00:00,1
853,1.265538096,1,1969-07-30 02:00:00,1
854,1.2105380959999998,1,1969-08-27 00:00:00,1
855,1.1335380959999999,1,1969-09-24 00:00:00,1
856,1.136538096,1,1969-10-14 15:00:00,1
857,1.140538096,1,1969-10-16 17:00:00,1
858,1.140538096,1,1969-11-08 12:00:00,1
859,1.386538096,1,1969-11-09 12:00:00,1
860,1.463538096,1,1969-11-10 14:00:00,1
861,1.399538096,1,1969-11-11 14:00:00,1
862,1.344538096,1,1969-11-12 15:00:00,1
863,1.2525380959999999,1,1969-11-14 16:00:00,1
864,1.3015380959999998,1,1969-12-08 12:00:00,1
865,1.140538096,1,1969-12-10 14:00:00,1
866,1.298538096,1,1969-12-11 14:00:00,1
867,1.6585380959999998,1,1969-12-26 15:00:00,1
868,1.171078279,1,1970-01-07 13:00:00,1
869,1.232078279,1,1970-01-08 14:00:00,1
870,1.287078279,1,1970-02-10 17:00:00,2
871,1.205078279,1,1970-03-23 02:00:00,1
872,1.211078279,1,1970-04-02 21:00:00,1
873,1.189078279,1,1970-04-07 02:00:00,1
874,1.195078279,1,1970-06-22 03:00:00,1
875,1.138078279,1,1970-10-15 13:00:00,1
876,1.296078279,1,1970-11-12 12:00:00,1
877,1.461078279,1,1970-11-13 13:00:00,1
878,1.141078279,1,1970-11-14 14:00:00,1
879,1.509078279,1,1970-11-15 15:00:00,1
880,1.302078279,1,1970-12-12 13:00:00,1
881,1.290078279,1,1970-12-13 14:00:00,1
882,1.336078279,2,1970-12-17 16:00:00,2
883,1.165078279,1,1970-12-24 10:00:00,1
884,1.150078279,1,1970-12-26 11:00:00,1
885,1.287605434,1,1971-01-01 16:00:00,1
886,1.324605434,1,1971-01-26 13:00:00,1
887,1.229605434,1,1971-02-23 12:00:00,1
888,1.2506054340000001,1,1971-02-25 13:00:00,1
889,1.196605434,3,1971-02-28 03:00:00,3
890,1.330605434,1,1971-03-04 08:00:00,1
891,1.415605434,1,1971-03-28 02:00:00,3
892,1.131605434,1,1971-04-29 04:00:00,1
893,1.324605434,2,1971-10-04 13:00:00,4
894,1.345605434,1,1971-10-06 15:00:00,1
895,1.263605434,1,1971-10-07 15:00:00,1
896,1.253605434,1,1971-10-10 17:00:00,1
897,1.153605434,1,1971-10-18 13:00:00,1
898,1.180605434,1,1971-10-24 16:00:00,1
899,1.159605434,1,1971-11-01 11:00:00,1
900,1.211605434,1,1971-11-02 13:00:00,1
901,1.293605434,1,1971-11-03 13:00:00,1
902,1.308605434,1,1971-11-04 14:00:00,1
903,1.165605434,1,1971-11-17 13:00:00,1
904,1.166115785,1,1972-01-01 13:00:00,1
905,1.175115785,1,1972-01-02 15:00:00,1
906,1.611115785,1,1972-02-04 05:00:00,1
907,1.133115785,1,1972-02-18 03:00:00,1
908,1.6141157849999999,2,1972-02-19 16:00:00,2
909,1.3641157849999999,1,1972-03-15 01:00:00,1
910,1.3701157849999999,1,1972-03-17 02:00:00,3
911,1.282115785,1,1972-04-14 01:00:00,1
912,1.194115785,1,1972-04-15 02:00:00,1
913,1.2451157849999999,1,1972-04-16 03:00:00,1
914,1.331115785,1,1972-04-17 03:00:00,1
915,1.160115785,1,1972-05-09 22:00:00,1
916,1.215115785,1,1972-05-10 23:00:00,1
917,1.230115785,1,1972-05-14 01:00:00,1
918,1.2511157849999999,1,1972-05-15 03:00:00,1
919,1.166115785,1,1972-05-16 03:00:00,1
920,1.2511157849999999,1,1972-06-22 21:00:00,1
921,1.194115785,1,1972-09-20 23:00:00,1
922,1.279115785,1,1972-10-07 13:00:00,1
923,1.194115785,1,1972-10-23 13:00:00,1
924,1.163115785,1,1972-10-24 14:00:00,1
925,1.157115785,1,1972-11-05 13:00:00,1
926,1.361115785,1,1972-11-08 15:00:00,1
927,1.322115785,1,1972-11-14 20:00:00,1
928,1.291115785,1,1972-11-20 12:00:00,1
929,1.203115785,1,1972-11-21 13:00:00,1
930,1.2451157849999999,1,1972-11-22 14:00:00,1
931,1.215115785,1,1972-11-23 15:00:00,1
932,1.254115785,1,1972-12-16 09:00:00,1
933,1.297115785,1,1972-12-20 13:00:00,1
934,1.6481157849999999,3,1972-12-22 15:00:00,3
935,1.294115785,1,1972-12-23 16:00:00,1
936,1.254115785,1,1972-12-24 16:00:00,1
937,1.17732469,1,1973-01-19 13:00:00,1
938,1.18632469,1,1973-01-29 10:00:00,1
939,1.25332469,1,1973-02-12 08:00:00,1
940,1.22032469,3,1973-03-23 05:00:00,3
941,1.16532469,1,1973-03-24 05:00:00,1
942,1.44832469,3,1973-04-05 01:00:00,3
943,1.13832469,1,1973-05-03 01:00:00,1
944,1.15325969,1,1973-06-02 01:00:00,1
945,1.1692596899999999,1,1973-06-03 02:00:00,1
946,1.15925969,1,1973-06-28 23:00:00,1
947,1.24525969,1,1973-06-30 00:00:00,1
948,1.28425969,1,1973-07-01 01:00:00,1
949,1.2112596899999999,1,1973-07-02 01:00:00,1
950,1.15632469,1,1973-07-30 01:00:00,1
951,1.23532469,1,1973-09-15 15:00:00,1
952,1.35732469,1,1973-10-26 13:00:00,1
953,1.39432469,1,1973-10-29 16:00:00,2
954,1.44232469,1,1973-12-09 12:00:00,2
955,1.2113246899999999,1,1973-12-11 14:00:00,1
956,1.15332369,1,1973-12-13 16:00:00,1
957,1.323131973,1,1974-01-09 14:00:00,1
958,1.2371319729999999,1,1974-01-10 15:00:00,1
959,1.204131973,1,1974-01-11 16:00:00,1
960,1.2131319729999999,2,1974-02-09 03:00:00,2
961,1.341131973,1,1974-03-31 06:00:00,1
962,1.164131973,1,1974-04-09 03:00:00,1
963,1.149131973,1,1974-05-07 02:00:00,1
964,1.158131973,1,1974-05-24 03:00:00,1
965,1.131131973,1,1974-06-22 02:00:00,1
966,1.183130973,1,1974-06-24 04:00:00,1
967,1.1951319729999998,1,1974-06-25 18:00:00,1
968,1.176130973,1,1974-09-17 15:00:00,1
969,1.164131973,1,1974-11-11 11:00:00,1
970,1.176130973,1,1974-11-12 12:00:00,2
971,1.5244789730000001,2,1974-12-02 03:00:00,2
972,1.734478973,1,1974-12-02 15:00:00,1
973,1.344478973,1,1974-12-16 15:00:00,2
974,1.161460659,1,1975-01-26 11:00:00,1
975,1.131460659,1,1975-01-29 15:00:00,1
976,1.289460659,1,1975-02-25 13:00:00,1
977,1.207460659,1,1975-03-15 03:00:00,1
978,1.2194606590000001,1,1975-03-30 03:00:00,1
979,1.225836659,1,1975-04-26 01:00:00,1
980,1.1748366590000001,1,1975-05-26 01:00:00,1
981,1.137836659,1,1975-08-07 00:00:00,1
982,1.210460659,1,1975-10-06 14:00:00,1
983,1.207460659,1,1975-10-09 16:00:00,1
984,1.283460659,1,1975-10-19 13:00:00,3
985,1.131460659,1,1975-11-01 11:00:00,1
986,1.201460659,1,1975-11-03 13:00:00,1
987,1.164460659,1,1975-11-04 13:00:00,1
988,1.161460659,1,1975-11-06 15:00:00,1
989,1.198460659,1,1975-11-25 06:00:00,1
990,1.143460659,1,1975-12-01 11:00:00,1
991,1.2254606590000001,1,1975-12-22 16:00:00,1
992,1.143190671,1,1976-01-01 13:00:00,1
993,1.232190671,2,1976-02-19 04:00:00,2
994,1.387190671,2,1976-03-17 02:00:00,2
995,1.207190671,1,1976-06-13 02:00:00,1
996,1.262190671,1,1976-08-10 02:00:00,1
997,1.149190671,1,1976-09-25 14:00:00,1
998,1.1861906709999999,1,1976-09-26 15:00:00,1
999,1.1521906709999998,1,1976-09-27 16:00:00,1
1000,1.1741906709999999,1,1976-10-25 15:00:00,1
1001,1.1513326709999998,1,1976-12-20 12:00:00,1
1002,1.1930082679999998,1,1977-01-10 15:00:00,1
1003,1.190008268,1,1977-04-05 02:00:00,1
1004,1.184008268,1,1977-05-06 03:00:00,1
1005,1.4546422680000002,2,1977-09-25 11:00:00,4
1006,1.5496422680000002,1,1977-10-14 15:00:00,2
1007,1.5496422680000002,2,1977-11-08 11:00:00,2
1008,1.210642268,1,1977-11-10 12:00:00,3
1009,1.149642268,1,1977-11-12 14:00:00,1
1010,1.143642268,1,1977-11-13 15:00:00,1
1011,1.149642268,1,1977-12-09 11:00:00,1
1012,1.2416422679999999,3,1977-12-20 10:00:00,3
1013,1.244642268,1,1977-12-21 11:00:00,1
1014,1.242653974,1,1978-01-07 11:00:00,1
1015,1.552653974,3,1978-01-09 13:00:00,3
1016,1.205653974,1,1978-01-14 05:00:00,1
1017,1.184653974,1,1978-01-20 23:00:00,1
1018,1.379653974,1,1978-01-26 14:00:00,1
1019,1.8886539740000001,2,1978-02-07 00:00:00,7
1020,1.290653974,1,1978-03-27 03:00:00,2
1021,1.333653974,2,1978-04-28 05:00:00,2
1022,1.1386539740000001,1,1978-04-29 06:00:00,1
1023,1.147653974,1,1978-05-24 02:00:00,1
1024,1.217653974,1,1978-05-25 03:00:00,1
1025,1.156653974,1,1978-06-21 01:00:00,1
1026,1.199653974,1,1978-06-22 02:00:00,1
1027,1.135653974,1,1978-07-17 23:00:00,1
1028,1.147653974,1,1978-08-18 00:00:00,1
1029,1.162653974,1,1978-08-19 01:00:00,1
1030,1.150653974,1,1978-08-20 02:00:00,1
1031,1.1386539740000001,1,1978-09-17 01:00:00,1
1032,1.1386539740000001,1,1978-09-19 15:00:00,1
1033,1.232653974,1,1978-10-04 15:00:00,1
1034,1.181653974,1,1978-10-06 16:00:00,1
1035,1.1326539740000001,1,1978-11-28 11:00:00,1
1036,1.1386539740000001,1,1978-12-01 14:00:00,1
1037,1.534653974,1,1978-12-25 08:00:00,1
1038,1.1326539740000001,1,1978-12-31 15:00:00,1
1039,1.528961279,4,1979-01-25 10:00:00,4
1040,1.175961279,1,1979-01-26 11:00:00,1
1041,1.232961279,1,1979-01-27 12:00:00,1
1042,1.455961279,1,1979-01-28 13:00:00,1
1043,1.1509612790000001,1,1979-01-29 14:00:00,1
1044,1.144961279,1,1979-01-31 16:00:00,1
1045,1.144961279,1,1979-02-24 11:00:00,1
1046,1.516961279,3,1979-02-26 12:00:00,5
1047,1.187961279,1,1979-04-27 02:00:00,1
1048,1.171961279,1,1979-05-26 01:00:00,1
1049,1.193961279,1,1979-08-08 01:00:00,1
1050,1.245961279,1,1979-08-12 17:00:00,1
1051,1.528961279,1,1979-09-06 12:00:00,1
1052,1.181961279,1,1979-09-08 02:00:00,1
1053,1.409961279,3,1979-10-06 01:00:00,3
1054,1.165961279,1,1979-10-07 14:00:00,1
1055,1.398227675,1,1980-01-17 13:00:00,1
1056,1.197227675,1,1980-01-18 13:00:00,1
1057,1.166227675,1,1980-02-16 13:00:00,1
1058,1.261227675,1,1980-03-14 11:00:00,1
1059,1.130227675,1,1980-03-22 19:00:00,1
1060,1.297227675,1,1980-04-15 01:00:00,1
1061,1.1392276749999999,1,1980-04-29 01:00:00,1
1062,1.215227675,2,1980-09-25 14:00:00,3
1063,1.715227675,1,1980-10-25 15:00:00,2
1064,1.3772276749999999,1,1980-11-23 14:00:00,1
1065,1.145227675,1,1980-11-28 18:00:00,1
1066,1.223875986,1,1981-03-08 15:00:00,1
1067,1.2428759859999998,1,1981-05-04 01:00:00,1
1068,1.3618759859999998,1,1981-05-05 02:00:00,1
1069,1.150875986,1,1981-06-03 01:00:00,1
1070,1.1478759859999998,1,1981-06-04 02:00:00,1
1071,1.150875986,1,1981-10-16 15:00:00,1
1072,1.2788759859999999,1,1981-11-13 14:00:00,1
1073,1.3068759859999999,1,1981-11-14 15:00:00,1
1074,1.3858759859999998,1,1981-11-15 16:00:00,1
1075,1.166876986,1,1981-11-16 17:00:00,1
1076,1.1358759859999998,1,1981-12-10 12:00:00,1
1077,1.1878759859999999,1,1981-12-11 13:00:00,1
1078,1.1758759859999999,1,1981-12-12 14:00:00,1
1079,1.132875986,1,1981-12-13 15:00:00,1
1080,1.221623037,1,1982-05-24 02:00:00,1
1081,1.182623037,1,1982-06-19 23:00:00,1
1082,1.188623037,1,1982-06-22 01:00:00,1
1083,1.234623037,1,1982-06-23 02:00:00,1
1084,1.151623037,1,1982-07-21 01:00:00,1
1085,1.1306230369999999,1,1982-07-22 02:00:00,1
1086,1.319623037,1,1982-10-10 19:00:00,1
1087,1.170623037,1,1982-11-03 14:00:00,1
1088,1.194623037,1,1982-11-04 15:00:00,1
1089,1.160746152,1,1983-01-15 15:00:00,1
1090,1.176746152,1,1983-01-28 13:00:00,1
1091,1.334746152,1,1983-01-29 13:00:00,1
1092,1.218746152,1,1983-01-30 14:00:00,1
1093,1.142746152,1,1983-02-03 06:00:00,1
1094,1.151746152,1,1983-02-12 01:00:00,1
1095,1.154746152,1,1983-02-25 11:00:00,1
1096,1.167746152,1,1983-02-26 13:00:00,1
1097,1.133746152,1,1983-03-02 03:00:00,1
1098,1.441746152,1,1983-03-19 04:00:00,1
1099,1.322746152,2,1983-03-28 12:00:00,2
1100,1.148746152,1,1983-04-15 02:00:00,1
1101,1.234746152,1,1983-04-16 03:00:00,1
1102,1.3807461519999997,1,1983-04-24 23:00:00,1
1103,1.139746152,1,1983-07-11 01:00:00,1
1104,1.154746152,1,1983-08-09 01:00:00,1
1105,1.154746152,1,1983-08-10 02:00:00,1
1106,1.130746152,1,1983-08-12 04:00:00,1
1107,1.167746152,1,1983-08-13 17:00:00,1
1108,1.221746152,2,1983-10-06 00:00:00,2
1109,1.331746152,1,1983-10-25 16:00:00,1
1110,1.209746152,1,1983-10-26 16:00:00,1
1111,1.136746152,1,1983-11-04 13:00:00,1
1112,1.197746152,1,1983-11-05 14:00:00,1
1113,1.1857461519999999,1,1983-11-06 14:00:00,1
1114,1.133746152,1,1983-11-23 15:00:00,1
1115,1.279746152,1,1983-11-24 16:00:00,1
1116,1.4357461519999999,1,1983-12-04 14:00:00,3
1117,1.4567461519999998,1,1983-12-22 15:00:00,1
1118,1.221816854,3,1984-02-18 14:00:00,3
1119,1.188816854,1,1984-02-19 15:00:00,2
1120,1.182816854,1,1984-02-28 11:00:00,1
1121,1.218816854,1,1984-03-19 02:00:00,1
1122,1.130816854,1,1984-03-21 04:00:00,1
1123,1.858816854,1,1984-03-29 13:00:00,3
1124,1.374816854,2,1984-04-15 00:00:00,6
1125,1.206816854,1,1984-04-18 03:00:00,1
1126,1.1648168540000001,1,1984-07-28 00:00:00,1
1127,1.191816854,1,1984-10-14 16:00:00,1
1128,1.167816854,1,1984-10-24 13:00:00,1
1129,1.136816854,1,1984-10-26 14:00:00,1
1130,1.139816854,1,1984-10-27 15:00:00,1
1131,1.240816854,1,1984-12-06 11:00:00,1
1132,1.151816854,1,1984-12-22 13:00:00,1
1133,1.136829469,1,1985-02-06 14:00:00,1
1134,1.325829469,1,1985-02-12 20:00:00,2
1135,1.136829469,1,1985-04-06 02:00:00,1
1136,1.173829469,1,1985-05-04 00:00:00,1
1137,1.145829469,1,1985-05-07 03:00:00,1
1138,1.718829469,1,1985-09-27 16:00:00,2
1139,1.139829469,1,1985-10-13 12:00:00,1
1140,1.154829469,1,1985-10-14 13:00:00,1
1141,1.292829469,1,1985-10-15 14:00:00,1
1142,1.191829469,1,1985-10-16 15:00:00,1
1143,1.261829469,1,1985-11-05 06:00:00,2
1144,1.276829469,1,1985-11-12 13:00:00,1
1145,1.130829469,1,1985-12-11 12:00:00,1
1146,1.356829469,1,1985-12-12 13:00:00,1
1147,1.410829469,1,1985-12-13 14:00:00,1
1148,1.130782821,1,1986-01-27 14:00:00,1
1149,1.215782821,1,1986-04-26 02:00:00,1
1150,1.130782821,1,1986-04-28 04:00:00,1
1151,1.219782821,1,1986-05-13 04:00:00,1
1152,1.158782821,1,1986-05-24 01:00:00,1
1153,1.1337828209999998,1,1986-05-25 02:00:00,1
1154,1.1677828209999999,1,1986-05-27 04:00:00,1
1155,1.1677828209999999,1,1986-06-22 01:00:00,1
1156,1.130782821,1,1986-06-23 01:00:00,1
1157,1.176782821,1,1986-07-21 01:00:00,1
1158,1.3227828209999999,1,1986-08-19 01:00:00,1
1159,1.1337828209999998,1,1986-11-05 16:00:00,1
1160,1.142782821,1,1986-11-06 16:00:00,1
1161,1.5027828209999998,3,1986-12-03 14:00:00,3
1162,1.2987828209999999,1,1986-12-25 07:00:00,1
1163,1.3656735329999998,1,1987-01-01 14:00:00,1
1164,1.770673533,1,1987-01-02 15:00:00,1
1165,1.1676735329999999,1,1987-01-27 11:00:00,1
1166,1.1796735329999999,1,1987-01-30 14:00:00,1
1167,1.130673533,1,1987-04-15 02:00:00,1
1168,1.219673533,1,1987-04-17 03:00:00,1
1169,1.188673533,1,1987-07-12 01:00:00,1
1170,1.209673533,1,1987-08-10 01:00:00,1
1171,1.130673533,1,1987-12-18 11:00:00,1
1172,1.264498731,1,1988-01-20 14:00:00,1
1173,1.155498731,1,1988-01-21 15:00:00,1
1174,1.280498731,1,1988-02-20 03:00:00,1
1175,1.1304987309999999,1,1988-06-03 03:00:00,1
1176,1.161498731,1,1988-08-27 00:00:00,1
1177,1.377498731,2,1988-10-22 11:00:00,2
1178,1.155498731,1,1988-10-24 12:00:00,1
1179,1.194498731,1,1988-10-25 13:00:00,1
1180,1.142253739,1,1989-01-08 14:00:00,1
1181,1.185253739,1,1989-05-06 01:00:00,1
1182,1.231253739,1,1989-05-07 02:00:00,1
1183,1.246253739,1,1989-09-16 14:00:00,3
1184,1.270253739,1,1989-09-19 16:00:00,1
1185,1.170253739,1,1989-10-15 13:00:00,1
1186,1.161253739,1,1989-10-16 14:00:00,1
1187,1.161253739,1,1989-10-18 16:00:00,1
1188,1.496253739,1,1989-10-19 17:00:00,3
1189,1.438253739,1,1989-11-16 16:00:00,1
1190,1.1389380809999998,1,1990-05-21 22:00:00,1
1191,1.215938081,1,1990-05-24 00:00:00,1
1192,1.2399380809999998,1,1990-05-25 01:00:00,1
1193,1.1789380809999999,1,1990-05-26 02:00:00,1
1194,1.145938081,1,1990-05-27 03:00:00,1
1195,1.1329380809999998,1,1990-06-23 01:00:00,1
1196,1.1389380809999998,1,1990-06-24 02:00:00,1
1197,1.3949380809999998,1,1990-08-21 01:00:00,2
1198,1.1549380809999998,1,1990-11-04 14:00:00,1
1199,1.2219380809999998,1,1990-11-10 20:00:00,1
1200,1.455938081,3,1990-12-04 14:00:00,3
1201,1.1815460809999998,1,1991-02-14 13:00:00,1
1202,1.145546081,1,1991-03-04 04:00:00,1
1203,1.1425460809999999,1,1991-03-19 03:00:00,1
1204,1.154546081,1,1991-07-12 01:00:00,1
1205,1.190546081,1,1991-07-14 03:00:00,1
1206,1.248546081,1,1991-08-10 01:00:00,1
1207,1.8945460809999999,4,1991-10-31 08:00:00,5
1208,1.1325460809999999,1,1991-11-10 16:00:00,1
1209,1.184546081,1,1991-11-24 15:00:00,1
1210,1.3005460809999998,1,1991-12-03 12:00:00,1
1211,1.343076764,1,1992-01-04 14:00:00,1
1212,1.148076764,1,1992-02-19 14:00:00,1
1213,1.300076764,1,1992-03-20 02:00:00,1
1214,1.160076764,1,1992-05-06 03:00:00,1
1215,1.203076764,1,1992-06-06 05:00:00,1
1216,1.3790767640000001,1,1992-08-29 02:00:00,1
1217,1.352076764,4,1992-09-26 13:00:00,4
1218,1.154076764,1,1992-11-24 13:00:00,1
1219,1.218076764,1,1992-11-25 13:00:00,1
1220,2.2050767639999997,2,1992-12-11 14:00:00,9
1221,1.159525854,1,1993-01-09 14:00:00,1
1222,1.281525854,1,1993-01-10 15:00:00,1
1223,1.177525854,1,1993-01-14 06:00:00,1
1224,1.357525854,2,1993-02-13 06:00:00,2
1225,1.366525854,1,1993-03-04 23:00:00,2
1226,1.147525854,1,1993-03-11 03:00:00,1
1227,1.2145258540000001,1,1993-03-13 18:00:00,1
1228,1.784525854,1,1993-03-14 05:00:00,1
1229,1.147525854,1,1993-04-06 00:00:00,1
1230,1.345525854,1,1993-04-07 01:00:00,1
1231,1.278525854,1,1993-04-08 02:00:00,1
1232,1.150525854,1,1993-04-09 03:00:00,1
1233,1.138525854,1,1993-04-11 05:00:00,1
1234,1.132525854,1,1993-07-20 01:00:00,1
1235,1.132525854,1,1993-08-19 01:00:00,1
1236,1.263525854,1,1993-09-17 14:00:00,1
1237,1.2085258540000001,1,1993-09-18 15:00:00,1
1238,1.196525854,1,1993-10-17 15:00:00,1
1239,1.320525854,1,1993-11-28 13:00:00,1
1240,1.220525854,1,1993-12-11 11:00:00,1
1241,1.424525854,1,1993-12-14 14:00:00,1
1242,1.302525854,1,1993-12-15 15:00:00,1
1243,1.296525854,1,1993-12-16 16:00:00,3
1244,1.454889876,2,1994-01-04 17:00:00,2
1245,1.1438898759999998,1,1994-02-24 12:00:00,1
1246,1.5028898759999998,1,1994-03-03 06:00:00,2
1247,1.3208898759999999,1,1994-04-26 01:00:00,1
1248,1.210889876,1,1994-04-27 02:00:00,1
1249,1.152889876,1,1994-05-24 00:00:00,1
1250,1.2528898759999998,1,1994-05-25 01:00:00,1
1251,1.198889876,1,1994-05-26 02:00:00,1
1252,1.2138898759999999,1,1994-05-27 02:00:00,1
1253,1.146889876,1,1994-06-25 02:00:00,1
1254,1.1738898759999998,1,1994-09-06 01:00:00,1
1255,1.2138898759999999,1,1994-12-05 15:00:00,1
1256,1.164167553,1,1995-01-20 16:00:00,1
1257,1.3841675530000002,1,1995-02-04 17:00:00,1
1258,1.213167553,1,1995-05-16 02:00:00,1
1259,1.152167553,1,1995-05-17 03:00:00,1
1260,1.1371675529999998,1,1995-06-13 01:00:00,1
1261,1.234167553,1,1995-06-14 02:00:00,1
1262,1.1371675529999998,1,1995-08-11 01:00:00,1
1263,1.164167553,1,1995-09-26 14:00:00,1
1264,1.216167553,1,1995-10-07 12:00:00,1
1265,1.170167553,1,1995-10-27 16:00:00,1
1266,1.1731675529999999,1,1995-10-28 17:00:00,1
1267,1.210167553,1,1995-11-12 04:00:00,2
1268,1.338167553,1,1995-11-15 06:00:00,1
1269,1.1791675529999999,1,1995-11-21 12:00:00,1
1270,1.176167553,1,1995-11-22 13:00:00,1
1271,1.435167553,1,1995-12-20 11:00:00,1
1272,1.271167553,1,1995-12-23 14:00:00,1
1273,1.1311675529999998,1,1995-12-24 15:00:00,1
1274,1.13235391,1,1996-01-03 12:00:00,1
1275,1.34735391,2,1996-01-08 15:00:00,2
1276,1.22135391,1,1996-01-19 12:00:00,1
1277,1.18235391,1,1996-01-21 14:00:00,1
1278,1.13035391,1,1996-01-22 14:00:00,1
1279,1.13635391,1,1996-02-17 12:00:00,1
1280,1.76335391,1,1996-03-20 03:00:00,3
1281,1.1573539099999999,1,1996-04-08 04:00:00,1
1282,1.1573539099999999,1,1996-04-10 06:00:00,1
1283,1.28935391,1,1996-04-16 11:00:00,1
1284,1.1473539099999999,1,1996-06-04 03:00:00,1
1285,1.1593539099999999,1,1996-07-02 02:00:00,1
1286,1.20135391,1,1996-07-03 02:00:00,1
1287,1.21735391,1,1996-07-04 03:00:00,1
1288,1.19235391,1,1996-07-31 01:00:00,1
1289,1.1553539099999999,1,1996-08-01 02:00:00,1
1290,1.1413539099999999,1,1996-08-28 00:00:00,1
1291,1.18735391,1,1996-08-29 01:00:00,1
1292,1.31335391,1,1996-09-17 16:00:00,1
1293,1.22335391,1,1996-09-24 23:00:00,1
1294,1.1653539099999999,1,1996-10-08 23:00:00,1
1295,1.74335391,2,1996-10-19 19:00:00,4
1296,1.26335391,1,1996-10-30 16:00:00,1
1297,1.1393539099999999,1,1996-11-09 12:00:00,1
1298,1.35735391,1,1996-12-06 12:00:00,1
1299,1.1313539099999999,1,1996-12-07 23:00:00,1
1300,1.28535391,1,1996-12-09 12:00:00,1
1301,1.21235391,1,1996-12-10 12:00:00,1
1302,1.17035391,1,1996-12-11 14:00:00,1
1303,1.25135391,1,1996-12-12 14:00:00,1
1304,1.52735391,1,1996-12-13 15:00:00,1
1305,1.33835391,1,1996-12-14 16:00:00,1
1306,1.30335391,1,1996-12-15 17:00:00,1
1307,1.5135427380000002,3,1997-01-10 13:00:00,3
1308,1.2545427379999998,1,1997-02-05 11:00:00,1
1309,1.321542738,2,1997-02-09 15:00:00,2
1310,1.146542738,1,1997-03-06 10:00:00,1
1311,1.257542738,1,1997-03-10 02:00:00,1
1312,1.196542738,1,1997-03-11 03:00:00,1
1313,1.1495427379999998,1,1997-04-01 07:00:00,1
1314,1.1395427379999998,1,1997-04-02 08:00:00,1
1315,1.1755427379999999,2,1997-04-07 01:00:00,2
1316,1.1415427379999998,1,1997-04-08 01:00:00,1
1317,1.176542738,1,1997-04-20 00:00:00,1
1318,1.3025427379999999,1,1997-04-25 03:00:00,1
1319,1.144542738,1,1997-05-07 01:00:00,1
1320,1.285542738,1,1997-06-02 23:00:00,1
1321,1.1795427379999999,1,1997-06-04 00:00:00,1
1322,1.247542738,1,1997-06-05 01:00:00,1
1323,1.209542738,1,1997-06-06 02:00:00,1
1324,1.1302117379999999,1,1997-07-21 01:00:00,1
1325,1.163211738,2,1997-07-25 05:00:00,2
1326,1.1412107379999998,1,1997-08-18 00:00:00,1
1327,1.249210738,1,1997-08-19 00:00:00,1
1328,1.419210738,3,1997-08-21 03:00:00,6
1329,1.1492107379999998,1,1997-09-15 23:00:00,1
1330,1.281210738,3,1997-09-18 01:00:00,4
1331,1.165211738,1,1997-09-19 14:00:00,1
1332,1.328210738,6,1997-10-17 13:00:00,6
1333,1.2852117379999999,1,1997-10-18 14:00:00,1
1334,1.3122107379999999,1,1997-10-19 15:00:00,1
1335,1.311211738,1,1997-10-20 16:00:00,1
1336,1.144210738,1,1997-11-02 14:00:00,1
1337,1.259210738,1,1997-11-07 18:00:00,4
1338,1.565210738,1,1997-11-14 12:00:00,3
1339,1.186542738,1,1997-12-30 02:00:00,1
1340,1.4604429609999998,3,1998-01-29 15:00:00,5
1341,1.4094439609999998,1,1998-02-05 08:00:00,3
1342,1.1474439609999998,1,1998-02-18 06:00:00,1
1343,1.560442961,1,1998-02-24 11:00:00,1
1344,1.158442961,1,1998-02-26 13:00:00,1
1345,1.236443961,3,1998-02-28 14:00:00,5
1346,1.1594439609999998,1,1998-03-03 05:00:00,1
1347,1.2304429609999998,1,1998-03-22 08:00:00,1
1348,1.2034439609999998,1,1998-04-10 01:00:00,1
1349,1.190443961,1,1998-04-23 23:00:00,1
1350,1.185442961,1,1998-04-27 01:00:00,1
1351,1.241442961,1,1998-05-12 02:00:00,1
1352,1.320442961,1,1998-05-13 02:00:00,1
1353,1.1734439609999998,1,1998-05-26 01:00:00,1
1354,1.2094439609999998,1,1998-09-08 02:00:00,1
1355,1.156443961,1,1998-12-30 10:00:00,1
1356,1.415339804,1,1999-01-03 15:00:00,1
1357,1.1323398040000001,1,1999-03-01 13:00:00,1
1358,1.208339804,1,1999-03-04 03:00:00,1
1359,1.309339804,1,1999-03-15 11:00:00,1
1360,1.264339804,1,1999-03-22 05:00:00,1
1361,1.209339804,1,1999-04-17 02:00:00,1
1362,1.146339804,1,1999-06-15 02:00:00,1
1363,1.1363398040000001,1,1999-07-14 01:00:00,1
1364,1.226339804,1,1999-10-23 12:00:00,1
1365,1.229134225,1,2000-01-20 13:00:00,1
1366,1.3161342249999999,1,2000-01-25 17:00:00,1
1367,1.196134225,1,2000-03-21 02:00:00,1
1368,1.172134225,1,2000-03-22 03:00:00,1
1369,1.1631342249999999,1,2000-04-18 01:00:00,1
1370,1.224134225,1,2000-04-19 01:00:00,1
1371,1.139134225,1,2000-04-22 03:00:00,1
1372,1.1531342249999998,1,2000-06-03 01:00:00,1
1373,1.235134225,1,2000-06-06 04:00:00,1
1374,1.131134225,1,2000-07-30 00:00:00,1
1375,1.1531342249999998,1,2000-07-31 01:00:00,1
1376,1.231134225,1,2000-08-01 02:00:00,1
1377,1.1751342249999999,1,2000-08-02 02:00:00,1
1378,1.174134225,1,2000-08-30 01:00:00,1
1379,1.333134225,1,2000-09-26 11:00:00,2
1380,1.330134225,1,2000-11-10 12:00:00,1
1381,1.212134225,1,2000-11-12 13:00:00,1
1382,1.158134225,1,2000-11-13 14:00:00,1
1383,1.211134225,1,2000-11-14 15:00:00,1
1384,1.281134225,1,2000-11-26 14:00:00,1
1385,1.140134225,1,2000-12-12 13:00:00,1
1386,1.149134225,1,2000-12-17 18:00:00,1
1387,1.1751342249999999,1,2000-12-30 17:00:00,1
1388,1.231810847,1,2001-01-09 12:00:00,1
1389,1.147810847,1,2001-02-09 13:00:00,1
1390,1.153810847,1,2001-03-05 09:00:00,1
1391,1.4688108469999999,1,2001-03-07 11:00:00,3
1392,1.270810847,1,2001-03-09 12:00:00,1
1393,1.130810847,1,2001-04-09 01:00:00,1
1394,1.169588847,2,2001-10-01 01:00:00,3
1395,1.133588847,1,2001-10-14 23:00:00,1
1396,1.1984009949999999,1,2002-02-27 13:00:00,1
1397,1.140400995,1,2002-04-29 03:00:00,1
1398,1.211400995,1,2002-06-15 04:00:00,1
1399,1.136400995,1,2002-09-10 16:00:00,1
1400,1.181400995,1,2002-10-04 23:00:00,1
1401,1.258400995,1,2002-10-07 14:00:00,1
1402,1.136400995,1,2002-10-08 15:00:00,1
1403,1.1944009949999999,1,2002-10-12 18:00:00,1
1404,1.163400995,1,2002-10-16 22:00:00,1
1405,1.3374009949999999,1,2002-11-06 14:00:00,1
1406,1.555400995,1,2002-12-25 17:00:00,1
1407,1.2318679929999998,1,2003-01-02 13:00:00,1
1408,1.512867993,1,2003-01-03 14:00:00,1
1409,1.220867993,1,2003-01-04 14:00:00,1
1410,1.391867993,1,2003-02-17 14:00:00,1
1411,1.1348679929999999,1,2003-02-18 14:00:00,1
1412,1.193867993,2,2003-03-20 02:00:00,2
1413,1.2558679929999998,1,2003-03-21 03:00:00,1
1414,1.4828679930000002,1,2003-04-18 02:00:00,1
1415,1.151867993,1,2003-04-19 03:00:00,1
1416,1.338867993,1,2003-05-17 02:00:00,1
1417,1.213867993,1,2003-06-14 00:00:00,1
1418,1.1608679929999999,1,2003-06-15 01:00:00,1
1419,1.157867993,1,2003-09-27 14:00:00,1
1420,1.2778679929999999,1,2003-09-28 15:00:00,1
1421,1.2418679929999998,1,2003-09-29 16:00:00,1
1422,1.161867993,1,2003-10-27 15:00:00,1
1423,1.2318679929999998,1,2003-11-23 12:00:00,1
1424,1.349867993,1,2003-11-24 13:00:00,1
1425,1.413867993,1,2003-12-06 12:00:00,1
1426,1.415867993,1,2003-12-11 16:00:00,1
1427,1.2378679929999998,1,2003-12-24 14:00:00,1
1428,1.132930466,1,2004-02-20 13:00:00,1
1429,1.132930466,1,2004-02-21 14:00:00,1
1430,1.2084494659999998,1,2004-06-02 00:00:00,1
1431,1.1734494659999999,1,2004-09-29 14:00:00,1
1432,1.1474494659999999,1,2004-10-15 14:00:00,1
1433,1.2024494659999998,1,2004-10-24 23:00:00,1
1434,1.303449466,1,2004-11-28 14:00:00,1
1435,1.314449466,1,2004-12-10 11:00:00,1
1436,1.209449466,1,2004-12-11 12:00:00,1
1437,1.2064494659999998,1,2004-12-13 14:00:00,1
1438,1.276453138,1,2005-01-12 15:00:00,1
1439,1.135453138,1,2005-01-23 12:00:00,1
1440,1.193453138,1,2005-02-10 14:00:00,1
1441,1.2044531379999999,1,2005-03-01 05:00:00,1
1442,1.2914531379999998,1,2005-04-03 07:00:00,1
1443,1.1564531379999998,1,2005-04-25 02:00:00,1
1444,1.144453138,1,2005-05-08 01:00:00,1
1445,1.1844531379999998,1,2005-05-24 01:00:00,1
1446,1.3754531380000001,1,2005-05-25 02:00:00,3
1447,1.193453138,1,2005-05-27 04:00:00,1
1448,1.183453138,1,2005-07-22 01:00:00,1
1449,1.159453138,1,2005-07-23 02:00:00,1
1450,1.1804531379999998,1,2005-08-20 01:00:00,1
1451,1.1504531379999998,1,2005-08-21 02:00:00,1
1452,1.130453138,1,2005-09-17 00:00:00,1
1453,1.451453138,1,2005-10-12 21:00:00,7
1454,1.368453138,1,2005-10-25 20:00:00,1
1455,1.3294531379999999,1,2005-12-16 12:00:00,1
1456,1.1355648329999999,1,2006-01-01 14:00:00,1
1457,1.387565833,1,2006-01-03 16:00:00,1
1458,1.1995658329999999,1,2006-01-04 17:00:00,1
1459,1.141564833,1,2006-01-18 15:00:00,1
1460,1.154564833,1,2006-01-30 14:00:00,1
1461,1.510564833,1,2006-01-31 15:00:00,4
1462,1.149564833,1,2006-02-05 07:00:00,1
1463,1.357565833,1,2006-02-12 13:00:00,1
1464,1.458564833,1,2006-09-02 21:00:00,1
1465,1.156565833,1,2006-09-07 00:00:00,1
1466,1.248565833,1,2006-09-11 16:00:00,1
1467,1.191564833,1,2006-09-12 17:00:00,1
1468,1.3705658330000001,3,2006-10-07 13:00:00,4
1469,1.151564833,1,2006-10-11 16:00:00,1
1470,1.271565833,1,2006-10-28 16:00:00,1
1471,1.165564833,1,2006-11-08 15:00:00,1
1472,1.1995658329999999,1,2006-11-23 15:00:00,1
1473,1.1365531759999998,1,2007-03-16 23:00:00,1
1474,1.508553176,2,2007-04-16 11:00:00,3
1475,1.494553176,3,2007-04-19 02:00:00,3
1476,1.2935531759999999,1,2007-04-20 03:00:00,1
1477,1.131553176,1,2007-06-04 03:00:00,1
1478,1.2695531759999998,1,2007-06-14 00:00:00,1
1479,1.145553176,1,2007-06-15 01:00:00,1
1480,1.135553176,1,2007-09-28 14:00:00,1
1481,1.2535531759999998,2,2007-10-26 13:00:00,2
1482,1.274553176,1,2007-10-27 14:00:00,1
1483,1.397553176,1,2007-12-16 17:00:00,1
1484,1.179553176,1,2007-12-22 11:00:00,1
1485,1.1805531759999999,1,2007-12-27 16:00:00,1
1486,1.27141379,1,2008-04-07 02:00:00,1
1487,1.37841379,1,2008-04-08 02:00:00,1
1488,1.2704137899999999,1,2008-05-04 00:00:00,1
1489,1.16241379,1,2008-05-05 00:00:00,1
1490,1.20941379,1,2008-05-06 01:00:00,1
1491,1.20241379,1,2008-05-07 02:00:00,1
1492,1.22641379,1,2008-05-08 03:00:00,1
1493,1.17941379,1,2008-05-10 05:00:00,1
1494,1.4904137899999998,2,2008-05-12 20:00:00,2
1495,1.14841379,1,2008-08-01 00:00:00,1
1496,1.13441379,1,2008-08-02 01:00:00,1
1497,1.19741379,1,2008-09-19 16:00:00,1
1498,1.1514137899999999,1,2008-10-16 14:00:00,1
1499,1.14041379,1,2008-10-18 15:00:00,1
1500,1.25541379,1,2008-10-19 17:00:00,1
1501,1.16441379,1,2008-10-20 18:00:00,1
1502,1.37241379,1,2008-10-28 13:00:00,1
1503,1.17141379,1,2008-11-14 14:00:00,1
1504,1.28341379,1,2008-11-15 14:00:00,1
1505,1.44741379,1,2008-12-12 12:00:00,1
1506,1.134143401,1,2009-01-11 13:00:00,1
1507,1.148143401,1,2009-05-27 03:00:00,1
1508,1.136143401,1,2009-05-29 05:00:00,1
1509,1.210144401,1,2009-06-20 23:00:00,1
1510,1.3011434009999998,1,2009-06-22 00:00:00,1
1511,1.336143401,1,2009-06-23 01:00:00,1
1512,1.2971434009999998,1,2009-06-24 01:00:00,1
1513,1.221143401,1,2009-06-25 03:00:00,1
1514,1.1411444009999998,1,2009-07-22 00:00:00,1
1515,1.3271434009999998,1,2009-07-24 02:00:00,1
1516,1.1661434009999998,1,2009-08-21 01:00:00,1
1517,1.1311444009999998,1,2009-09-10 17:00:00,1
1518,1.2461434009999999,1,2009-09-16 23:00:00,3
1519,1.542143401,5,2009-10-18 13:00:00,7
1520,1.1581434009999998,1,2009-11-02 12:00:00,1
1521,1.2751434009999998,1,2009-11-03 13:00:00,1
1522,1.193143401,1,2009-11-05 15:00:00,1
1523,1.449143401,4,2009-11-14 11:00:00,4
1524,1.215143401,1,2009-12-03 12:00:00,1
1525,1.167143401,1,2009-12-05 15:00:00,1
1526,1.170740433,1,2010-01-01 13:00:00,1
1527,1.162740433,1,2010-01-02 14:00:00,1
1528,1.1517404329999998,1,2010-01-31 14:00:00,1
1529,1.160740433,1,2010-02-27 12:00:00,1
1530,1.174740433,1,2010-02-28 13:00:00,2
1531,1.321740433,5,2010-03-04 04:00:00,5
1532,1.8627404330000001,2,2010-03-14 00:00:00,3
1533,1.2627404329999998,3,2010-03-30 01:00:00,3
1534,1.439740433,1,2010-03-31 02:00:00,1
1535,1.196740433,1,2010-04-01 02:00:00,1
1536,1.1337404329999998,1,2010-04-02 03:00:00,1
1537,1.132740433,1,2010-04-25 23:00:00,1
1538,1.3927404330000002,1,2010-04-27 00:00:00,1
1539,1.222740433,4,2010-08-13 16:00:00,4
1540,1.1637404329999999,1,2010-09-12 16:00:00,1
1541,1.373740433,2,2010-10-04 22:00:00,3
1542,1.180740433,1,2010-10-06 11:00:00,1
1543,1.174740433,1,2010-10-07 12:00:00,1
1544,1.1417404329999998,1,2010-10-08 13:00:00,1
1545,1.168740433,1,2010-10-09 14:00:00,1
1546,1.243740433,1,2010-10-10 15:00:00,1
1547,1.356740433,3,2010-11-05 12:00:00,3
1548,1.333740433,1,2010-11-11 17:00:00,1
1549,1.1817404329999999,1,2010-12-22 14:00:00,1
1550,1.1697404329999999,1,2010-12-24 15:00:00,1
1551,1.2017404329999999,1,2010-12-27 06:00:00,1
1552,1.1482001099999999,1,2011-02-21 15:00:00,1
1553,1.21520011,1,2011-03-11 05:00:00,1
1554,1.15520011,1,2011-03-22 03:00:00,1
1555,1.1502001099999999,1,2011-03-23 04:00:00,1
1556,1.20920011,1,2011-03-24 04:00:00,1
1557,1.62720011,1,2011-04-17 00:00:00,1
1558,1.17120011,1,2011-04-18 01:00:00,1
1559,1.20220011,1,2011-04-19 02:00:00,1
1560,1.20420011,1,2011-04-20 02:00:00,1
1561,1.28220011,1,2011-05-15 23:00:00,1
1562,1.32920011,1,2011-05-17 00:00:00,1
1563,1.43720011,1,2011-05-18 01:00:00,1
1564,1.27820011,1,2011-05-19 02:00:00,1
1565,1.16520011,1,2011-06-13 23:00:00,1
1566,1.22620011,1,2011-06-15 00:00:00,1
1567,1.21720011,1,2011-06-16 01:00:00,1
1568,1.13720011,1,2011-07-15 01:00:00,1
1569,1.18420011,1,2011-08-28 00:00:00,1
1570,2.03420011,1,2011-08-28 13:00:00,1
1571,1.1442001099999999,1,2011-08-30 01:00:00,1
1572,1.17720011,1,2011-09-01 16:00:00,1
1573,1.22820011,1,2011-09-02 16:00:00,1
1574,1.44920011,5,2011-09-29 14:00:00,5
1575,1.32620011,1,2011-09-30 15:00:00,1
1576,1.26220011,1,2011-10-01 16:00:00,1
1577,1.13920011,1,2011-10-14 14:00:00,1
1578,1.20420011,1,2011-10-26 12:00:00,1
1579,1.37320011,1,2011-10-27 13:00:00,1
1580,1.3702001099999999,1,2011-10-28 14:00:00,1
1581,1.40420011,1,2011-10-29 15:00:00,1
1582,1.29120011,1,2011-11-23 11:00:00,1
1583,1.22620011,1,2011-11-24 12:00:00,1
1584,1.18420011,1,2011-11-25 13:00:00,1
1585,1.19320011,1,2011-12-23 11:00:00,1
1586,1.1522001099999999,1,2011-12-25 14:00:00,1
1587,1.15720011,1,2011-12-28 02:00:00,1
1588,1.293520255,1,2012-01-12 15:00:00,1
1589,1.130520255,1,2012-04-06 00:00:00,1
1590,1.180520255,1,2012-04-07 01:00:00,1
1591,1.194520255,1,2012-04-08 02:00:00,1
1592,1.220520255,1,2012-04-09 03:00:00,1
1593,1.173520255,1,2012-05-06 00:00:00,1
1594,1.176520255,1,2012-05-07 01:00:00,1
1595,1.1415202549999999,1,2012-05-08 02:00:00,1
1596,1.285520255,1,2012-06-01 23:00:00,1
1597,1.223520255,1,2012-06-02 23:00:00,1
1598,1.209520255,1,2012-06-04 01:00:00,1
1599,1.480520255,1,2012-06-05 01:00:00,3
1600,1.170520255,1,2012-06-07 03:00:00,1
1601,1.1575202549999999,1,2012-07-05 02:00:00,1
1602,1.1455202549999999,1,2012-08-01 00:00:00,1
1603,1.184520255,1,2012-09-18 15:00:00,1
1604,1.1435202549999999,1,2012-10-17 14:00:00,1
1605,1.221520255,1,2012-10-19 16:00:00,1
1606,3.4205202549999996,4,2012-10-30 01:00:00,5
1607,1.200520255,2,2012-11-08 08:00:00,2
1608,1.2465202549999999,1,2012-11-15 14:00:00,1
1609,1.222520255,1,2012-11-16 15:00:00,1
1610,1.215520255,1,2012-12-16 16:00:00,1
1611,1.181520255,1,2012-12-17 16:00:00,2
1612,1.336520255,1,2012-12-21 08:00:00,1
1613,1.214520255,1,2012-12-27 01:00:00,1
1614,1.416520255,1,2012-12-27 12:00:00,1
1615,1.160883628,1,2013-01-12 13:00:00,1
1616,1.190883628,1,2013-01-13 14:00:00,1
1617,1.220883628,2,2013-02-09 12:00:00,2
1618,1.380883628,1,2013-02-27 14:00:00,1
1619,1.316883628,1,2013-03-07 09:00:00,1
1620,1.371883628,3,2013-03-09 11:00:00,5
1621,1.1488836279999999,1,2013-04-12 15:00:00,1
1622,1.2038836279999998,1,2013-07-22 00:00:00,1
1623,1.281882628,1,2013-07-23 01:00:00,1
1624,1.222882628,1,2013-07-24 02:00:00,1
1625,1.145883628,1,2013-07-26 04:00:00,1
1626,1.2118836279999998,1,2013-10-07 15:00:00,1
1627,1.146882628,1,2013-10-09 16:00:00,1
1628,1.145883628,1,2013-11-04 13:00:00,1
1629,1.200883628,1,2013-12-03 13:00:00,1
1630,1.192882628,1,2013-12-04 14:00:00,1
1631,1.404723652,3,2014-01-03 15:00:00,3
1632,1.4567236519999998,1,2014-04-30 02:00:00,3
1633,1.154723652,1,2014-05-17 03:00:00,1
1634,1.134723652,1,2014-06-13 01:00:00,1
1635,1.159723652,1,2014-06-14 01:00:00,1
1636,1.157723652,1,2014-08-11 01:00:00,1
1637,1.271723652,1,2014-08-13 03:00:00,2
1638,1.250723652,3,2014-09-10 01:00:00,6
1639,1.166723652,1,2014-11-24 14:00:00,1
1640,1.194723652,1,2014-12-08 14:00:00,1
1641,1.323723652,1,2014-12-09 15:00:00,1
1642,1.315723652,1,2014-12-23 14:00:00,1
1643,1.234723652,1,2014-12-24 15:00:00,1
1644,1.2102470509999999,1,2015-01-27 07:00:00,1
1645,1.2752470509999998,2,2015-04-21 03:00:00,2
1646,1.1462470509999998,1,2015-09-27 00:00:00,1
1647,1.2062470509999998,1,2015-09-30 15:00:00,1
1648,1.199247051,1,2015-10-01 16:00:00,1
1649,1.3212470509999998,1,2015-10-02 17:00:00,5
1650,1.370247051,1,2015-10-28 14:00:00,3
1651,1.1902470509999998,1,2015-11-12 14:00:00,1
1652,1.169247051,1,2015-12-29 16:00:00,1
1653,1.1373617509999998,1,2016-01-09 13:00:00,1
1654,1.489361751,1,2016-01-10 13:00:00,1
1655,1.399360751,1,2016-01-23 13:00:00,3
1656,1.5473607509999998,3,2016-02-09 14:00:00,4
1657,1.261361751,1,2016-04-08 01:00:00,1
1658,1.138360751,1,2016-05-04 23:00:00,1
1659,1.392360751,3,2016-05-07 01:00:00,3
1660,1.2623617509999998,1,2016-05-08 02:00:00,1
1661,1.1873617509999999,1,2016-05-09 03:00:00,1
1662,1.151360751,1,2016-06-05 01:00:00,1
1663,1.2033617509999999,1,2016-06-06 02:00:00,1
1664,1.138360751,1,2016-09-29 00:00:00,1
1665,1.221360751,1,2016-09-30 00:00:00,3
1666,1.226361751,1,2016-10-18 15:00:00,1
1667,1.145360751,1,2016-11-15 13:00:00,1
1668,1.132360751,1,2016-12-14 13:00:00,1
1669,1.425164661,2,2017-01-24 11:00:00,2
1670,1.4341646609999998,1,2017-03-14 15:00:00,1
1671,1.350164661,1,2017-04-01 04:00:00,1
1672,1.241164661,1,2017-04-06 22:00:00,1
1673,1.260164661,1,2017-04-26 01:00:00,1
1674,1.1941646609999998,1,2017-04-27 01:00:00,1
1675,1.1561646609999998,1,2017-04-28 02:00:00,1
1676,1.393164661,3,2017-05-26 01:00:00,3
1677,1.258164661,1,2017-05-27 02:00:00,1
1678,1.246164661,1,2017-05-28 03:00:00,1
1679,1.2951646609999998,1,2017-05-29 04:00:00,1
1680,1.149164661,1,2017-05-30 05:00:00,1
1681,1.1641646609999998,1,2017-06-23 00:00:00,1
1682,1.1801646609999998,1,2017-06-24 00:00:00,1
1683,1.149164661,1,2017-06-25 02:00:00,1
1684,1.133164661,1,2017-07-23 00:00:00,1
1685,1.2971646609999998,3,2017-07-25 02:00:00,3
1686,1.145164661,1,2017-07-26 03:00:00,1
1687,1.2711646609999998,1,2017-09-20 01:00:00,2
1688,1.185164661,1,2017-09-22 15:00:00,1
1689,1.1381646609999998,1,2017-10-12 19:00:00,1
1690,1.240164661,1,2017-10-30 09:00:00,1
1691,1.3331646609999999,1,2017-11-05 14:00:00,1
1692,1.268164661,1,2017-11-06 15:00:00,1
1693,1.1421646609999998,1,2017-11-07 15:00:00,1
1694,1.286164661,1,2017-11-08 16:00:00,1
1695,1.147164661,1,2017-11-16 12:00:00,1
1696,1.2121646609999999,1,2017-12-03 12:00:00,1
1697,1.161164661,1,2017-12-04 13:00:00,1
1698,1.342164661,1,2017-12-05 14:00:00,1
1699,1.146838123,1,2018-01-04 15:00:00,1
1700,1.396838123,1,2018-01-30 12:00:00,1
1701,1.360838123,1,2018-03-02 13:00:00,1
1702,1.5468381230000001,2,2018-03-04 03:00:00,10
1703,1.227838123,1,2018-03-22 05:00:00,1
1704,1.380838123,1,2018-04-16 01:00:00,2
1705,1.2068381229999998,1,2018-05-19 04:00:00,1
1706,1.1518381229999999,1,2018-06-15 02:00:00,1
1707,1.154838123,1,2018-06-16 02:00:00,1
1708,1.241838123,1,2018-08-11 00:00:00,1
1709,1.249838123,1,2018-08-12 01:00:00,1
1710,1.1398381229999999,1,2018-08-13 02:00:00,1
1711,1.186838123,1,2018-08-14 03:00:00,1
1712,1.462838123,4,2018-09-10 14:00:00,6
1713,1.2588381229999999,2,2018-09-25 13:00:00,2
1714,1.223838123,1,2018-10-11 15:00:00,1
1715,1.1378381229999999,1,2018-10-12 15:00:00,1
1716,1.6798381230000001,1,2018-10-27 15:00:00,1
1717,1.1578381229999999,1,2018-11-06 12:00:00,1
1718,1.442838123,1,2018-11-16 08:00:00,1
1719,1.444838123,1,2018-11-25 15:00:00,1
1720,1.358838123,1,2018-11-26 15:00:00,2
1721,1.321838123,1,2018-12-21 12:00:00,3
1722,1.4071178069999999,1,2019-01-20 12:00:00,1
1723,1.215117807,1,2019-02-18 12:00:00,1
1724,1.314117807,1,2019-03-22 02:00:00,2
1725,1.227117807,1,2019-04-19 01:00:00,1
1726,1.140117807,1,2019-04-20 01:00:00,1
1727,1.171117807,1,2019-05-06 02:00:00,1
1728,1.131117807,1,2019-05-19 01:00:00,1
1729,1.176117807,1,2019-06-13 22:00:00,1
1730,1.190117807,1,2019-09-30 14:00:00,1
1731,1.160117807,1,2019-10-01 15:00:00,1
1732,1.200117807,1,2019-10-03 17:00:00,1
1733,1.3951178069999999,3,2019-10-12 00:00:00,4
1734,1.273117807,1,2019-10-17 02:00:00,1
1735,1.352117807,1,2019-10-27 12:00:00,1
1736,1.332117807,2,2019-10-29 14:00:00,2
1737,1.175117807,1,2019-10-30 15:00:00,1
1738,1.168117807,1,2019-10-31 16:00:00,1
1739,1.226117807,1,2019-11-18 18:00:00,1
1740,1.213117807,1,2019-11-24 11:00:00,1
